video_id,scenario,split,file_name,r2_object_key,download_url,url_expires_at,access_mode,sha256,size_bytes
egoargus_b6470110f222,no_assistance_scene_related|no_assistance_scene_unrelated,round1,egoargus_b6470110f222.mp4,egoargus/review-20260526/videos/egoargus_b6470110f222.mp4,,,worker_signed_pending,78ca5838bc67a52be3a22391abd802d715836fb33c46942f1080ea452a1e5991,9494916
egoargus_e8df32437946,no_assistance|text_grounded,sora2_with_dialog_union|text_grounded_backfill_balanced,egoargus_e8df32437946.mp4,egoargus/review-20260526/videos/egoargus_e8df32437946.mp4,,,worker_signed_pending,b4771f655ccb9c19aea68bcfd4f851a65364a3fe6820d84ad0f983602345b000,12982320
egoargus_00121dc44229,contradictory|multimodal_grounded|video_grounded_offtopic|video_grounded_ontopic,round1,egoargus_00121dc44229.mp4,egoargus/review-20260526/videos/egoargus_00121dc44229.mp4,,,worker_signed_pending,6fb4ce393738e98d003b78cab511d9fe2ef00b1687e0e3eb48a331df13e29a45,7350800
egoargus_747d94725c79,multimodal_grounded|video_grounded_offtopic|video_grounded_ontopic,round1,egoargus_747d94725c79.mp4,egoargus/review-20260526/videos/egoargus_747d94725c79.mp4,,,worker_signed_pending,6202041c8b25b42873eb9fa642eada8f0deda13786bf4f7d8d116598e9417f79,8594615
egoargus_a614dedea93c,no_assistance|text_grounded,sora2_with_dialog_union|text_grounded_backfill_balanced,egoargus_a614dedea93c.mp4,egoargus/review-20260526/videos/egoargus_a614dedea93c.mp4,,,worker_signed_pending,65feee120780bc03beddbabd93e0a56c0f0eb4b0dca580f63a414b46f6e70abb,10857534
egoargus_6e9bece7d985,no_assistance,sora2_with_dialog_union,egoargus_6e9bece7d985.mp4,egoargus/review-20260526/videos/egoargus_6e9bece7d985.mp4,,,worker_signed_pending,2b4680e34637580209526113e5e10448ec2a8829989e3a9579ed1a425c6a92dd,8458578
egoargus_ba8e23f4e86c,no_assistance|text_grounded,sora2_with_dialog_union|text_grounded_backfill_balanced,egoargus_ba8e23f4e86c.mp4,egoargus/review-20260526/videos/egoargus_ba8e23f4e86c.mp4,,,worker_signed_pending,83807e7305305784c18a7cd46ba30e300203e555f923a4903150e799d318e8fb,10907817
egoargus_cbb6231e1cdf,no_assistance|text_grounded,sora2_with_dialog_union|text_grounded_backfill_balanced,egoargus_cbb6231e1cdf.mp4,egoargus/review-20260526/videos/egoargus_cbb6231e1cdf.mp4,,,worker_signed_pending,0c97a68fc4e82219c5e8222d660c1fd12bf797b6b7c8f25a801ad334bedac674,7232472
egoargus_fdc9fac28676,no_assistance_scene_related|no_assistance_scene_unrelated,round1,egoargus_fdc9fac28676.mp4,egoargus/review-20260526/videos/egoargus_fdc9fac28676.mp4,,,worker_signed_pending,5e2cc90564ccd4744aa858996ba18dee5ebc1cb95f9562bdb2df65a4d40377ef,10118091
egoargus_09dc9daf18c2,contradictory|multimodal_grounded|video_grounded_offtopic|video_grounded_ontopic,round1,egoargus_09dc9daf18c2.mp4,egoargus/review-20260526/videos/egoargus_09dc9daf18c2.mp4,,,worker_signed_pending,0d898bad52c53223303a523819fc7912697621e8beee2492ce8e4c55af019d59,7209521
egoargus_e6e409917130,no_assistance_scene_related|no_assistance_scene_unrelated,round1,egoargus_e6e409917130.mp4,egoargus/review-20260526/videos/egoargus_e6e409917130.mp4,,,worker_signed_pending,18f7cf1257bac032619f3c2c1e0a4c4be25359fd1a8cf0f2ba0486657bf98e5f,10169812
egoargus_dc5f41696319,multimodal_grounded|video_grounded_offtopic,round1,egoargus_dc5f41696319.mp4,egoargus/review-20260526/videos/egoargus_dc5f41696319.mp4,,,worker_signed_pending,0aad194f319867679fa12dbba25776d11481e8ca150c3b3b263598ac1819f806,20859351
egoargus_b556264a58a2,contradictory|multimodal_grounded|video_grounded_offtopic|video_grounded_ontopic,round1,egoargus_b556264a58a2.mp4,egoargus/review-20260526/videos/egoargus_b556264a58a2.mp4,,,worker_signed_pending,6941bdefc5ee6d36a7389394bd9f6f33b0ed79cd3a6211677b30322fd911e7bf,8765685
egoargus_e062b320931c,no_assistance|text_grounded,sora2_with_dialog_union|text_grounded_backfill_balanced,egoargus_e062b320931c.mp4,egoargus/review-20260526/videos/egoargus_e062b320931c.mp4,,,worker_signed_pending,d4c04b7bd114954c2c73593ba89502cdfe97c77ae0fb6dd6a1ced49d7e459b13,11324499
egoargus_2cd00523aab9,multimodal_grounded|video_grounded_offtopic,round1,egoargus_2cd00523aab9.mp4,egoargus/review-20260526/videos/egoargus_2cd00523aab9.mp4,,,worker_signed_pending,0af072acf9df63d6b2da14b06eb673b5786df0338158a6d527aa70ef28b2ca02,9079904
egoargus_9cc4ec5b84d1,no_assistance_scene_related|no_assistance_scene_unrelated,round1,egoargus_9cc4ec5b84d1.mp4,egoargus/review-20260526/videos/egoargus_9cc4ec5b84d1.mp4,,,worker_signed_pending,5c76186fac910ed9267d0547a52df2b0f5cea11b4bd82c0e569954e020e459e1,10568878
egoargus_af274ed68662,contradictory|multimodal_grounded|text_grounded|video_grounded_offtopic|video_grounded_ontopic,sora2_with_dialog_union,egoargus_af274ed68662.mp4,egoargus/review-20260526/videos/egoargus_af274ed68662.mp4,,,worker_signed_pending,6c35b7aba3dee17664f33ed880a801d1283254d810357f6ef41a34492ba819d5,12976991
egoargus_c73a3556ad7c,no_assistance_scene_related|no_assistance_scene_unrelated,round1,egoargus_c73a3556ad7c.mp4,egoargus/review-20260526/videos/egoargus_c73a3556ad7c.mp4,,,worker_signed_pending,eb29c2710e6b3c6d51f2b14fda41e71fffc3d6631c228dcda3301d9603a4fcdb,13135900
egoargus_ffcf917d0cf3,contradictory|multimodal_grounded|video_grounded_offtopic|video_grounded_ontopic,round1,egoargus_ffcf917d0cf3.mp4,egoargus/review-20260526/videos/egoargus_ffcf917d0cf3.mp4,,,worker_signed_pending,7ea09a548d219051d0e43d9d46bce50d2351da0a4ec6b8843abd9399d928a68a,8335914
egoargus_4da7072c1131,no_assistance,sora2_with_dialog_union,egoargus_4da7072c1131.mp4,egoargus/review-20260526/videos/egoargus_4da7072c1131.mp4,,,worker_signed_pending,9d411e5c26edaabe8f4abce02b0f7ca13a95dc079f5487d3b98a02bc09b2657e,12801505
egoargus_2d4d954e6118,no_assistance,sora2_with_dialog_union,egoargus_2d4d954e6118.mp4,egoargus/review-20260526/videos/egoargus_2d4d954e6118.mp4,,,worker_signed_pending,705223250cf14e6326c52986fb569dd74338e852e27b86ecf346047c8802d28b,11511214
egoargus_e87fabbc4993,no_assistance,sora2_with_dialog_union,egoargus_e87fabbc4993.mp4,egoargus/review-20260526/videos/egoargus_e87fabbc4993.mp4,,,worker_signed_pending,2fb9009a344e110317e08593961861a590e6bb00fb579870a3bfff6625bdceca,9425820
egoargus_73b182bf9a94,no_assistance|text_grounded,sora2_with_dialog_union|text_grounded_backfill_balanced,egoargus_73b182bf9a94.mp4,egoargus/review-20260526/videos/egoargus_73b182bf9a94.mp4,,,worker_signed_pending,b4dcbfa4f581cb01f1a9445d9cec2313c0e8a5e9cbb8c051997d2f58ed9f6622,12999710
egoargus_2760d140288f,contradictory|multimodal_grounded|video_grounded_offtopic|video_grounded_ontopic,round1,egoargus_2760d140288f.mp4,egoargus/review-20260526/videos/egoargus_2760d140288f.mp4,,,worker_signed_pending,e82990d147fd9ccfa4500cb987db0ca0e5db021229288b04af0f8ccb06f7c6fd,6070151
egoargus_3ebf78f1e3b1,contradictory|multimodal_grounded|video_grounded_offtopic|video_grounded_ontopic,round1,egoargus_3ebf78f1e3b1.mp4,egoargus/review-20260526/videos/egoargus_3ebf78f1e3b1.mp4,,,worker_signed_pending,42834fc29bd81d24a76600dc315edadc571fc40613cd88a2cfef1fb30c76feb2,11746812
egoargus_4047960e0aee,no_assistance|text_grounded,sora2_with_dialog_union|text_grounded_backfill_balanced,egoargus_4047960e0aee.mp4,egoargus/review-20260526/videos/egoargus_4047960e0aee.mp4,,,worker_signed_pending,6b537604353be3499555f8935df3e2c57515d924a8df5aadc1ff726ba02c7e47,8348545
egoargus_387d9da06838,no_assistance|text_grounded,sora2_with_dialog_union|text_grounded_backfill_balanced,egoargus_387d9da06838.mp4,egoargus/review-20260526/videos/egoargus_387d9da06838.mp4,,,worker_signed_pending,eedbcbdf3b867e7ebcae7bdfc7dabeeb6766dc2a36cf8d98b99f23b0cf568ec4,10840239
egoargus_74bd9dda9f2d,no_assistance_scene_related|no_assistance_scene_unrelated,round1,egoargus_74bd9dda9f2d.mp4,egoargus/review-20260526/videos/egoargus_74bd9dda9f2d.mp4,,,worker_signed_pending,1be028022d4858e03e78b2ff1c44372527a26c033998fa2f5603b760275ffc06,8903424
egoargus_c1db9101de18,contradictory|multimodal_grounded|video_grounded_offtopic|video_grounded_ontopic,round1,egoargus_c1db9101de18.mp4,egoargus/review-20260526/videos/egoargus_c1db9101de18.mp4,,,worker_signed_pending,f7bf8e1283cf4da94a1eb3b23c51e231472660b722b87e7e78d583aacd0e30e1,15023316
egoargus_ea0a259a2835,contradictory|multimodal_grounded|video_grounded_offtopic,round1,egoargus_ea0a259a2835.mp4,egoargus/review-20260526/videos/egoargus_ea0a259a2835.mp4,,,worker_signed_pending,065050b6fd2391ed265f1e9ffb6ec8ce738b734733b7de568e9c66d2b9106627,5823632
egoargus_863ef55cf7ae,no_assistance_scene_related|no_assistance_scene_unrelated,round1,egoargus_863ef55cf7ae.mp4,egoargus/review-20260526/videos/egoargus_863ef55cf7ae.mp4,,,worker_signed_pending,879861b724479b2ed59684d964d4d08a599b638ae5cf046949472028f2a51a9d,10126862
egoargus_080bfb13f4a9,no_assistance|text_grounded,sora2_with_dialog_union|text_grounded_backfill_balanced,egoargus_080bfb13f4a9.mp4,egoargus/review-20260526/videos/egoargus_080bfb13f4a9.mp4,,,worker_signed_pending,b08c6e5c3c5d3fba80fabd70fa2a438e6bd0634e87a8a14f34cdda6a8dbec253,13169447
egoargus_00326f34b46d,no_assistance_scene_related|no_assistance_scene_unrelated,round1,egoargus_00326f34b46d.mp4,egoargus/review-20260526/videos/egoargus_00326f34b46d.mp4,,,worker_signed_pending,252357efc86540e0f39c5d112396f70fa56faccc51ee7d75f936d86b80eca3eb,7900768
egoargus_9146104ba5f2,multimodal_grounded,round1,egoargus_9146104ba5f2.mp4,egoargus/review-20260526/videos/egoargus_9146104ba5f2.mp4,,,worker_signed_pending,9eabfeb1a8eeae856154f985009a5a8cb4b96a5b0e3329e17ecc4f4c45e472a0,8285032
egoargus_f4eb3bba7800,no_assistance|text_grounded,sora2_with_dialog_union|text_grounded_backfill_balanced,egoargus_f4eb3bba7800.mp4,egoargus/review-20260526/videos/egoargus_f4eb3bba7800.mp4,,,worker_signed_pending,232567c40a3a16f0c059d09d877cdab26e6d9396dbd824f77f13e254e45b554b,12765175
egoargus_dae83de8d8d2,no_assistance,sora2_with_dialog_union,egoargus_dae83de8d8d2.mp4,egoargus/review-20260526/videos/egoargus_dae83de8d8d2.mp4,,,worker_signed_pending,3dff271d5b7d798421f020d0fc29ca41ffe164b968692dade06e370e0aeb5dcd,12130511
egoargus_dcec54136b17,no_assistance,sora2_with_dialog_union,egoargus_dcec54136b17.mp4,egoargus/review-20260526/videos/egoargus_dcec54136b17.mp4,,,worker_signed_pending,960b6874fd0559c03a86ebf20a4d1cedff8d87b996cd104dc649348e8c5eb7de,8528584
egoargus_809f3e791b07,contradictory|multimodal_grounded|video_grounded_offtopic|video_grounded_ontopic,round1,egoargus_809f3e791b07.mp4,egoargus/review-20260526/videos/egoargus_809f3e791b07.mp4,,,worker_signed_pending,c227dd27084f4377ad92dbb8c41876bc1aa9219e14b0de6932306402202fd857,5727214
egoargus_1a3c7394aa63,video_grounded_offtopic,round1,egoargus_1a3c7394aa63.mp4,egoargus/review-20260526/videos/egoargus_1a3c7394aa63.mp4,,,worker_signed_pending,5ee5c18a88a90688db1a43ac9de668b054631c4c5a2a5359197809de0f92f682,8143049
egoargus_d1070d611c1c,no_assistance|text_grounded,sora2_with_dialog_union|text_grounded_backfill_balanced,egoargus_d1070d611c1c.mp4,egoargus/review-20260526/videos/egoargus_d1070d611c1c.mp4,,,worker_signed_pending,88d81fec0967e02d5304027d4f8dd9d40c3398d6912c0505d699c9ba75e59c74,11151346
egoargus_221226a4c3ec,no_assistance_scene_related|no_assistance_scene_unrelated,round1,egoargus_221226a4c3ec.mp4,egoargus/review-20260526/videos/egoargus_221226a4c3ec.mp4,,,worker_signed_pending,433a8e684e54f1844718ed9dac9d473346be8324f8702ef868e352b8cabca136,7153862
egoargus_7de96a36a51b,no_assistance_scene_related|no_assistance_scene_unrelated,round1,egoargus_7de96a36a51b.mp4,egoargus/review-20260526/videos/egoargus_7de96a36a51b.mp4,,,worker_signed_pending,9b0af8a53d9aa22f8369df4079804e81560a697ddfa9caaeac62ef23720e3885,8316393
egoargus_3554de61cc80,contradictory|multimodal_grounded|video_grounded_offtopic|video_grounded_ontopic,round1,egoargus_3554de61cc80.mp4,egoargus/review-20260526/videos/egoargus_3554de61cc80.mp4,,,worker_signed_pending,63fe429abb64d6d02d44cb0cb459762cbface8bfd42e64dae4b2bdf5b256a90b,7089528
egoargus_9b6e17bc6af2,contradictory|multimodal_grounded|video_grounded_offtopic|video_grounded_ontopic,round1,egoargus_9b6e17bc6af2.mp4,egoargus/review-20260526/videos/egoargus_9b6e17bc6af2.mp4,,,worker_signed_pending,2e1a927ce7e890f7b43a6067559b7956689e2a869adbac0ed5c3ea33c1df9330,7123213
egoargus_131a5cf731cf,contradictory|multimodal_grounded|video_grounded_offtopic|video_grounded_ontopic,round1,egoargus_131a5cf731cf.mp4,egoargus/review-20260526/videos/egoargus_131a5cf731cf.mp4,,,worker_signed_pending,13f3d2129cd32d248bc7b490bcbabf39ba6f5fc18fedc6f8e52df47e45460896,7847647
egoargus_b3ce38e2c0a4,no_assistance,sora2_with_dialog_union,egoargus_b3ce38e2c0a4.mp4,egoargus/review-20260526/videos/egoargus_b3ce38e2c0a4.mp4,,,worker_signed_pending,66f587d0817c8f05fb7fac4209fbec123324ac9a53e93b3fad09c64b52d0b1a8,12823348
egoargus_f2523c5687ea,no_assistance|text_grounded,sora2_with_dialog_union|text_grounded_backfill_balanced,egoargus_f2523c5687ea.mp4,egoargus/review-20260526/videos/egoargus_f2523c5687ea.mp4,,,worker_signed_pending,b87901d787e4a4455b108ee5850cb3cdb10e302a356dcac40d2162254e338e35,9474273
egoargus_e0e35eb44f04,contradictory|multimodal_grounded|text_grounded|video_grounded_offtopic|video_grounded_ontopic,sora2_with_dialog_union,egoargus_e0e35eb44f04.mp4,egoargus/review-20260526/videos/egoargus_e0e35eb44f04.mp4,,,worker_signed_pending,73f096b9ba3c847d50a448e714d795e4b95f380df44f7ff1d6125f809524ee8d,7944550
egoargus_82de6a069197,no_assistance,sora2_with_dialog_union,egoargus_82de6a069197.mp4,egoargus/review-20260526/videos/egoargus_82de6a069197.mp4,,,worker_signed_pending,49ec67860e7d2fdbba438b4f1ff63bb9fce16f71988e40271419f08678440802,11792540
egoargus_278aa22b6478,contradictory|multimodal_grounded,round1,egoargus_278aa22b6478.mp4,egoargus/review-20260526/videos/egoargus_278aa22b6478.mp4,,,worker_signed_pending,97f91192eea8c8ee5c276cc3bd2ce438a6f7f43c69da82090605b20121094583,8605178
egoargus_a70ceabe686a,no_assistance,sora2_with_dialog_union,egoargus_a70ceabe686a.mp4,egoargus/review-20260526/videos/egoargus_a70ceabe686a.mp4,,,worker_signed_pending,e561953b71842ec42535784b35da2053392d8174f33c507a1dfc51e0dcc07c6f,6023921
egoargus_6dc8281f6cc9,contradictory|multimodal_grounded|video_grounded_offtopic|video_grounded_ontopic,round1,egoargus_6dc8281f6cc9.mp4,egoargus/review-20260526/videos/egoargus_6dc8281f6cc9.mp4,,,worker_signed_pending,6b586d293bebdd5c9e1dccb14d240164a9b475cd7380d55fe8bfbec08a8a805c,6795599
egoargus_abfba6d9b167,no_assistance|text_grounded,sora2_with_dialog_union|text_grounded_backfill_balanced,egoargus_abfba6d9b167.mp4,egoargus/review-20260526/videos/egoargus_abfba6d9b167.mp4,,,worker_signed_pending,73bd5a3a8f1fdee51f054916263db367549bb4ca1137e200c20e7d0bba6d504f,12857366
egoargus_dcbcaba572e9,contradictory|multimodal_grounded|text_grounded|video_grounded_offtopic|video_grounded_ontopic,sora2_with_dialog_union,egoargus_dcbcaba572e9.mp4,egoargus/review-20260526/videos/egoargus_dcbcaba572e9.mp4,,,worker_signed_pending,86adcc1032f08b11cfe23da56af4d197858cbada295ed9ba8730b8f94fe47a96,12414094
egoargus_68befd477476,contradictory|multimodal_grounded|video_grounded_offtopic|video_grounded_ontopic,round1,egoargus_68befd477476.mp4,egoargus/review-20260526/videos/egoargus_68befd477476.mp4,,,worker_signed_pending,e84d294e0ff86b41760e221100e29ff0d43ddbe84cd1d534c42f36e9f189d49f,9393745
egoargus_27b8c2c5ef7a,no_assistance,sora2_with_dialog_union,egoargus_27b8c2c5ef7a.mp4,egoargus/review-20260526/videos/egoargus_27b8c2c5ef7a.mp4,,,worker_signed_pending,24e1f5b8b24fa1e51828b8c08883aef4c2229b259bf371f6e8b995fbfacadd09,8695186
egoargus_621cbd7d8a11,no_assistance_scene_related|no_assistance_scene_unrelated,round1,egoargus_621cbd7d8a11.mp4,egoargus/review-20260526/videos/egoargus_621cbd7d8a11.mp4,,,worker_signed_pending,3c7ff35894c1706bc2a73e22888144a6b73608168f7d2befa20526183cc49f7b,9472801
egoargus_8d68f05ff633,no_assistance,sora2_with_dialog_union,egoargus_8d68f05ff633.mp4,egoargus/review-20260526/videos/egoargus_8d68f05ff633.mp4,,,worker_signed_pending,4b9d8e73d521ca5aa1d741f0e8613ac434ea625d1f804fbda28819fce5b402b4,6091215
egoargus_2f1d797d8bfe,contradictory|multimodal_grounded|video_grounded_offtopic|video_grounded_ontopic,round1,egoargus_2f1d797d8bfe.mp4,egoargus/review-20260526/videos/egoargus_2f1d797d8bfe.mp4,,,worker_signed_pending,4d2de2bef76e2c9a232141c1f711ed5b739e42b9e75361b9e5884a4df84046fe,9736015
egoargus_832cc5913b31,no_assistance|text_grounded,sora2_with_dialog_union|text_grounded_backfill_balanced,egoargus_832cc5913b31.mp4,egoargus/review-20260526/videos/egoargus_832cc5913b31.mp4,,,worker_signed_pending,3a702360865bb8d52ecb56f5e5a3b7abc612435b1882d0818abfcb1e98241074,11357059
egoargus_b39eb7435557,no_assistance,sora2_with_dialog_union,egoargus_b39eb7435557.mp4,egoargus/review-20260526/videos/egoargus_b39eb7435557.mp4,,,worker_signed_pending,a930efbd95f5bf7b3d1d897d53cb579157eede4f1f81b1903410b4a623fef744,10473174
egoargus_f56127ee3f93,contradictory|multimodal_grounded|video_grounded_offtopic|video_grounded_ontopic,round1,egoargus_f56127ee3f93.mp4,egoargus/review-20260526/videos/egoargus_f56127ee3f93.mp4,,,worker_signed_pending,dc87876a9009691d24f5b704df39667791ba896b57513c995b616ff001864b27,9972353
egoargus_15668cafe20c,no_assistance_scene_related|no_assistance_scene_unrelated,round1,egoargus_15668cafe20c.mp4,egoargus/review-20260526/videos/egoargus_15668cafe20c.mp4,,,worker_signed_pending,021c76303d304e8101b064a0ea8b05d47a780037a47c361a4d47009332d934a4,7697986
egoargus_58c8609ed8b6,no_assistance|text_grounded,sora2_with_dialog_union|text_grounded_backfill_balanced,egoargus_58c8609ed8b6.mp4,egoargus/review-20260526/videos/egoargus_58c8609ed8b6.mp4,,,worker_signed_pending,ad0c3a2629b36d353916e651b3271c0a36329a92b1f7fa53ecbb0decd49e0177,6314043
egoargus_456fd5800a7d,no_assistance_scene_related|no_assistance_scene_unrelated,round1,egoargus_456fd5800a7d.mp4,egoargus/review-20260526/videos/egoargus_456fd5800a7d.mp4,,,worker_signed_pending,7c0680e7f9d228cd10798f27e9a5c7cec6fb6a88dc687256be05f49baa9924a8,9182935
egoargus_7203339a4604,contradictory|multimodal_grounded|video_grounded_offtopic|video_grounded_ontopic,round1,egoargus_7203339a4604.mp4,egoargus/review-20260526/videos/egoargus_7203339a4604.mp4,,,worker_signed_pending,ac7cbb65e2ca38bfc028b7313625a2e8cb4fdfc6e86cee0797b43111e0895b5c,6540458
egoargus_c18de560017a,contradictory|multimodal_grounded|video_grounded_offtopic|video_grounded_ontopic,round1,egoargus_c18de560017a.mp4,egoargus/review-20260526/videos/egoargus_c18de560017a.mp4,,,worker_signed_pending,e098c5edc98f7b8e348238bf6b6fb9ef3765a862fae91a18107531f3d1680352,8435839
egoargus_18bc740b0238,no_assistance_scene_related|no_assistance_scene_unrelated,round1,egoargus_18bc740b0238.mp4,egoargus/review-20260526/videos/egoargus_18bc740b0238.mp4,,,worker_signed_pending,1332f3818174b791a0cd6e3d87280be3eee3a7a60ac6cdf33e4e86e4ffe0dd39,9403045
egoargus_dcd5e3204ed6,no_assistance|text_grounded,sora2_with_dialog_union|text_grounded_backfill_balanced,egoargus_dcd5e3204ed6.mp4,egoargus/review-20260526/videos/egoargus_dcd5e3204ed6.mp4,,,worker_signed_pending,a48a97b97e185c57af2c4db65cab5484bd40d908e6856076d6d0be2d43f3a74e,13137059
egoargus_3e7ed1c0d65f,multimodal_grounded,round1,egoargus_3e7ed1c0d65f.mp4,egoargus/review-20260526/videos/egoargus_3e7ed1c0d65f.mp4,,,worker_signed_pending,f7eade3c0c04e3b7d19e72e153fd5703e84d7cc7fce1c99e44e18ca0766f9c6c,9946312
egoargus_f3e64bf3c2f2,no_assistance,sora2_with_dialog_union,egoargus_f3e64bf3c2f2.mp4,egoargus/review-20260526/videos/egoargus_f3e64bf3c2f2.mp4,,,worker_signed_pending,f4ec6ae6da625e980ccfa3c4e4ba80753886e3cd079ba20bfd7493640ca3f374,13030561
egoargus_3f700752f8b1,no_assistance|text_grounded,sora2_with_dialog_union|text_grounded_backfill_balanced,egoargus_3f700752f8b1.mp4,egoargus/review-20260526/videos/egoargus_3f700752f8b1.mp4,,,worker_signed_pending,a85ea525af2aed3be166b882e9f83b66613914f363c11f13538da539d9880a07,12176305
egoargus_aa5f956df5e3,no_assistance,sora2_with_dialog_union,egoargus_aa5f956df5e3.mp4,egoargus/review-20260526/videos/egoargus_aa5f956df5e3.mp4,,,worker_signed_pending,e381ac76b4c502a8263dbf4b4815599b22f1ff98f5af659c86589c43eb021cc7,11786576
egoargus_d69eb338e499,no_assistance|text_grounded,sora2_with_dialog_union|text_grounded_backfill_balanced,egoargus_d69eb338e499.mp4,egoargus/review-20260526/videos/egoargus_d69eb338e499.mp4,,,worker_signed_pending,037d99972d6204e91a627f605c46c5c127a18244ce9df8c0cf036d5b97d65cd7,10844487
egoargus_dfbee5e26b41,contradictory|multimodal_grounded|text_grounded|video_grounded_offtopic|video_grounded_ontopic,sora2_with_dialog_union,egoargus_dfbee5e26b41.mp4,egoargus/review-20260526/videos/egoargus_dfbee5e26b41.mp4,,,worker_signed_pending,01348cf69eb798ae3c1eb3bd9c5edef0c7660d96302bfff3f3ffb66ee6d5a15d,9668647
egoargus_daf1d730f0a5,contradictory|multimodal_grounded|video_grounded_offtopic|video_grounded_ontopic,round1,egoargus_daf1d730f0a5.mp4,egoargus/review-20260526/videos/egoargus_daf1d730f0a5.mp4,,,worker_signed_pending,a630174856ae84b8ce5340ae6571cfb04d3976341fc07bcdcaf9cba30ab56ddb,10265081
egoargus_c3de3c1513ec,no_assistance,sora2_with_dialog_union,egoargus_c3de3c1513ec.mp4,egoargus/review-20260526/videos/egoargus_c3de3c1513ec.mp4,,,worker_signed_pending,898a43093133eff8dbb441dc704a919c036d8556b7b0c8556fa91049fcba8e1b,12095847
egoargus_43cfe99c4089,no_assistance,sora2_with_dialog_union,egoargus_43cfe99c4089.mp4,egoargus/review-20260526/videos/egoargus_43cfe99c4089.mp4,,,worker_signed_pending,00db7e63a578f21541e51ddda560ede2892307da9898244b48eb65b014702667,11053112
egoargus_1ce244759193,no_assistance,sora2_with_dialog_union,egoargus_1ce244759193.mp4,egoargus/review-20260526/videos/egoargus_1ce244759193.mp4,,,worker_signed_pending,75592b53928e44e76d317ed54939f1047e0689c334f1dfe3936480f7412bee50,11050064
egoargus_d95891081f68,contradictory|multimodal_grounded|video_grounded_offtopic|video_grounded_ontopic,round1,egoargus_d95891081f68.mp4,egoargus/review-20260526/videos/egoargus_d95891081f68.mp4,,,worker_signed_pending,8589e887eeababa93009b14eaee4b2cde768e73a742a8f41e94355e68af16d1c,7656740
egoargus_f0f546292fce,contradictory|multimodal_grounded|video_grounded_offtopic|video_grounded_ontopic,round1,egoargus_f0f546292fce.mp4,egoargus/review-20260526/videos/egoargus_f0f546292fce.mp4,,,worker_signed_pending,68d53a9744420406219fdfd7a2b0cdfc0e9800fc106cd3124ab45d132e6f30ad,14192766
egoargus_39c69f039fe0,no_assistance,sora2_with_dialog_union,egoargus_39c69f039fe0.mp4,egoargus/review-20260526/videos/egoargus_39c69f039fe0.mp4,,,worker_signed_pending,fc0c3618c2e61b404f43ddd2a801176858d559b95d847d6d33cd2a2730a33cd7,9408379
egoargus_ce0144b6bd23,no_assistance,sora2_with_dialog_union,egoargus_ce0144b6bd23.mp4,egoargus/review-20260526/videos/egoargus_ce0144b6bd23.mp4,,,worker_signed_pending,0bc878b5adf7ac7ef41f7379c11cfd0e47a7eabae470bf829f0a7c9c82595bbd,10335924
egoargus_912d559ab0cb,no_assistance|text_grounded,sora2_with_dialog_union|text_grounded_backfill_balanced,egoargus_912d559ab0cb.mp4,egoargus/review-20260526/videos/egoargus_912d559ab0cb.mp4,,,worker_signed_pending,958e4d33b957a1b68871a2497cf0956bb989cdead4cbc865a9339eb41d654f32,9492738
egoargus_acff9314f6e2,no_assistance,sora2_with_dialog_union,egoargus_acff9314f6e2.mp4,egoargus/review-20260526/videos/egoargus_acff9314f6e2.mp4,,,worker_signed_pending,0893238444ebd987f5ff1023fabcc7d7f6607726e5bb26187739b5a1d6ca03ad,12405868
egoargus_6c9ac0ff260a,contradictory|multimodal_grounded|video_grounded_offtopic|video_grounded_ontopic,round1,egoargus_6c9ac0ff260a.mp4,egoargus/review-20260526/videos/egoargus_6c9ac0ff260a.mp4,,,worker_signed_pending,cc5ad9c87a7d441011d731a39cb80b8c660e5b9876d64f4db9db8dec12a8f7e6,9196785
egoargus_037083a50f83,contradictory|multimodal_grounded|video_grounded_offtopic|video_grounded_ontopic,round1,egoargus_037083a50f83.mp4,egoargus/review-20260526/videos/egoargus_037083a50f83.mp4,,,worker_signed_pending,242d93f52277553335cce0a2318a446940642f9eaf86a231424e867c5884d675,5451153
egoargus_6cf2eba305ee,contradictory|multimodal_grounded|video_grounded_offtopic|video_grounded_ontopic,round1,egoargus_6cf2eba305ee.mp4,egoargus/review-20260526/videos/egoargus_6cf2eba305ee.mp4,,,worker_signed_pending,ce85be6ad18a96b026b442c8b04b1a881fb0a361323cc584783012c80d51e5e2,8641395
egoargus_9a50ee08b2f7,no_assistance,sora2_with_dialog_union,egoargus_9a50ee08b2f7.mp4,egoargus/review-20260526/videos/egoargus_9a50ee08b2f7.mp4,,,worker_signed_pending,993a1b38f7df2dc5e7ea50e547422f2c3391566d0c3fb3dae8c588ef5f2cfcef,8517543
egoargus_5f5c5eca63b8,no_assistance_scene_related|no_assistance_scene_unrelated,round1,egoargus_5f5c5eca63b8.mp4,egoargus/review-20260526/videos/egoargus_5f5c5eca63b8.mp4,,,worker_signed_pending,52ed52dac23a88db6eb8346a6afbc544c844dd00cef695cafde2c5fcfe41621e,11317474
egoargus_fb03f57f7130,no_assistance|text_grounded,sora2_with_dialog_union|text_grounded_backfill_balanced,egoargus_fb03f57f7130.mp4,egoargus/review-20260526/videos/egoargus_fb03f57f7130.mp4,,,worker_signed_pending,695431ffd189932b65e3a10e265887bd365c88f2c017cbec3490e8b084ad5e72,12601803
egoargus_5751e5376bb3,no_assistance|text_grounded,sora2_with_dialog_union|text_grounded_backfill_balanced,egoargus_5751e5376bb3.mp4,egoargus/review-20260526/videos/egoargus_5751e5376bb3.mp4,,,worker_signed_pending,c020cdd343178c4bef987005d47c5885438b3f61fde52df1e21660839c527352,11440747
egoargus_b08901446904,no_assistance_scene_related|no_assistance_scene_unrelated,round1,egoargus_b08901446904.mp4,egoargus/review-20260526/videos/egoargus_b08901446904.mp4,,,worker_signed_pending,d4c9d8a13729b4a884c3c806be8453352a77296b51684a29bef65e50a6733de1,12607954
egoargus_00d28f5c589f,no_assistance_scene_related|no_assistance_scene_unrelated,round1,egoargus_00d28f5c589f.mp4,egoargus/review-20260526/videos/egoargus_00d28f5c589f.mp4,,,worker_signed_pending,2ec482e269d449e66caa5730aacebfb0a42335d0ab6b1c5258b2473eefb195de,9177596
egoargus_ca324d36ce2a,no_assistance_scene_related|no_assistance_scene_unrelated,round1,egoargus_ca324d36ce2a.mp4,egoargus/review-20260526/videos/egoargus_ca324d36ce2a.mp4,,,worker_signed_pending,d33b9b3963074df13fbe673907ecfbf51d5b15e306105dca677dc67be0f2c35b,12736745
egoargus_81ed3d2dd970,contradictory|multimodal_grounded|video_grounded_offtopic|video_grounded_ontopic,round1,egoargus_81ed3d2dd970.mp4,egoargus/review-20260526/videos/egoargus_81ed3d2dd970.mp4,,,worker_signed_pending,e5b197d33257fe89445c21aee56be1fa271d0aedee7e4d193326fea8c62476b0,11817905
egoargus_ba04bccaecc3,no_assistance|text_grounded,sora2_with_dialog_union|text_grounded_backfill_balanced,egoargus_ba04bccaecc3.mp4,egoargus/review-20260526/videos/egoargus_ba04bccaecc3.mp4,,,worker_signed_pending,cfb3caed2b2bb291bd4510f25a52c9fcb8175ac0d9ed59ecdf3e6ec97f01db0c,6760639
egoargus_e7e03b79b3ec,contradictory|multimodal_grounded|text_grounded|video_grounded_offtopic|video_grounded_ontopic,sora2_with_dialog_union,egoargus_e7e03b79b3ec.mp4,egoargus/review-20260526/videos/egoargus_e7e03b79b3ec.mp4,,,worker_signed_pending,3187fceaf6a931f705cd78f9ff656d5775442ab524f016ee726c903b6230a3a0,10017670
egoargus_eb391d2b8eb3,contradictory|multimodal_grounded|video_grounded_offtopic|video_grounded_ontopic,round1,egoargus_eb391d2b8eb3.mp4,egoargus/review-20260526/videos/egoargus_eb391d2b8eb3.mp4,,,worker_signed_pending,da1c6a379e1c5e9940179ca65fcd36d19e8bc9949c398d583456d44e2119fd12,7974277
egoargus_b5dc0353a23f,no_assistance,sora2_with_dialog_union,egoargus_b5dc0353a23f.mp4,egoargus/review-20260526/videos/egoargus_b5dc0353a23f.mp4,,,worker_signed_pending,e68570123b985938fdf3cbb56de2d7d08ccdf7004dd0b1b92ba45c199cf3bf46,8434774
egoargus_a9710504324c,no_assistance|text_grounded,sora2_with_dialog_union|text_grounded_backfill_balanced,egoargus_a9710504324c.mp4,egoargus/review-20260526/videos/egoargus_a9710504324c.mp4,,,worker_signed_pending,be57d35cc24c3ae0aeef490335be789393f554fe879cf347b19149ab310ae27d,8746727
egoargus_e98206fa3fc3,no_assistance|text_grounded,sora2_with_dialog_union|text_grounded_backfill_balanced,egoargus_e98206fa3fc3.mp4,egoargus/review-20260526/videos/egoargus_e98206fa3fc3.mp4,,,worker_signed_pending,631a780fab1651c5bb6637f35a6b10d80866ed21818f2951a3cd83f399a32ac5,10574901
egoargus_116971eeba34,no_assistance_scene_related|no_assistance_scene_unrelated,round1,egoargus_116971eeba34.mp4,egoargus/review-20260526/videos/egoargus_116971eeba34.mp4,,,worker_signed_pending,0c17affb13761b5b26042c4f80f0eebf779e04ea8c8927b9c456aa926a6e30cf,8482968
egoargus_b720280fbbdd,no_assistance,sora2_with_dialog_union,egoargus_b720280fbbdd.mp4,egoargus/review-20260526/videos/egoargus_b720280fbbdd.mp4,,,worker_signed_pending,f02289f3eee96b53b32c109c5ca9e01d4098c0bbdf0583b20ac960e2f017e9d7,9581040
egoargus_d06969c66fd8,no_assistance_scene_related|no_assistance_scene_unrelated,round1,egoargus_d06969c66fd8.mp4,egoargus/review-20260526/videos/egoargus_d06969c66fd8.mp4,,,worker_signed_pending,8a472081b4e515b92cdb9744a61c64082f6259384b4e49b01504f863e42f8ded,13242614
egoargus_725752e754e6,contradictory|multimodal_grounded|video_grounded_offtopic|video_grounded_ontopic,round1,egoargus_725752e754e6.mp4,egoargus/review-20260526/videos/egoargus_725752e754e6.mp4,,,worker_signed_pending,ac34fbf188ad9dac8eef159dab00d0742bed927d21bdec843d8a3668d0db8929,6081317
egoargus_7fcc5da6fc85,no_assistance|text_grounded,sora2_with_dialog_union|text_grounded_backfill_balanced,egoargus_7fcc5da6fc85.mp4,egoargus/review-20260526/videos/egoargus_7fcc5da6fc85.mp4,,,worker_signed_pending,eb6b56589dc421bfe34e2c3ad41fe14cf68fc4bd60c78be01ccd96fd60fa9688,11198213
egoargus_fd5c4a9c33ca,contradictory|multimodal_grounded|text_grounded|video_grounded_offtopic|video_grounded_ontopic,sora2_with_dialog_union,egoargus_fd5c4a9c33ca.mp4,egoargus/review-20260526/videos/egoargus_fd5c4a9c33ca.mp4,,,worker_signed_pending,cd856bba83a02d9ed5d0874894bf531a90f6a417d17a33848e2c1c24fc03277a,4877611
egoargus_9c83de392b45,contradictory|multimodal_grounded|video_grounded_offtopic|video_grounded_ontopic,round1,egoargus_9c83de392b45.mp4,egoargus/review-20260526/videos/egoargus_9c83de392b45.mp4,,,worker_signed_pending,71165d449ce13678ddd3bb1e9ca1574c2453aee29a485640c31e933f2f74dfbd,5637461
egoargus_198f983aa96a,contradictory|multimodal_grounded|video_grounded_offtopic|video_grounded_ontopic,round1,egoargus_198f983aa96a.mp4,egoargus/review-20260526/videos/egoargus_198f983aa96a.mp4,,,worker_signed_pending,a49c460d7a0c9c894fef557fee47cb4f84dbca4116fe0d0886461aea61cc9a49,8182236
egoargus_4289a770d194,contradictory|multimodal_grounded|text_grounded|video_grounded_offtopic|video_grounded_ontopic,sora2_with_dialog_union,egoargus_4289a770d194.mp4,egoargus/review-20260526/videos/egoargus_4289a770d194.mp4,,,worker_signed_pending,e2ac9d210709d5bf51fc23832acd62c3501bce1b250f914824ea6a0cd301117c,13127988
egoargus_23e2f2534cae,contradictory|multimodal_grounded|text_grounded|video_grounded_offtopic|video_grounded_ontopic,sora2_with_dialog_union,egoargus_23e2f2534cae.mp4,egoargus/review-20260526/videos/egoargus_23e2f2534cae.mp4,,,worker_signed_pending,a5d95f530f105db8d2141d6d4406d5d1da3a97a7052123d83b5a872cf64ac50b,13064012
egoargus_06612ed57796,contradictory|multimodal_grounded|video_grounded_offtopic|video_grounded_ontopic,round1,egoargus_06612ed57796.mp4,egoargus/review-20260526/videos/egoargus_06612ed57796.mp4,,,worker_signed_pending,13c5353766b599f3bde852f6623a840a08482a70cdafd7f789d63c2a6066ee0b,10782389
egoargus_77bb05ff9921,no_assistance,sora2_with_dialog_union,egoargus_77bb05ff9921.mp4,egoargus/review-20260526/videos/egoargus_77bb05ff9921.mp4,,,worker_signed_pending,3e8633823baf1719dd6a0f0bd77f0fb19ed191da6e3cd15289df7c6b72c06b3a,9359876
egoargus_e96f57f769e0,contradictory|multimodal_grounded|text_grounded|video_grounded_offtopic|video_grounded_ontopic,sora2_with_dialog_union,egoargus_e96f57f769e0.mp4,egoargus/review-20260526/videos/egoargus_e96f57f769e0.mp4,,,worker_signed_pending,a9bd35cfc9afcac4410a3a3d161272e1d8f5f8f8adfd44fe21833fae67f7c7be,12368101
egoargus_36db7407d773,contradictory|multimodal_grounded|video_grounded_offtopic,round1,egoargus_36db7407d773.mp4,egoargus/review-20260526/videos/egoargus_36db7407d773.mp4,,,worker_signed_pending,77bd93448b017936a935f59000039cfaf02c7c72527dae405efc6554aafecd52,18138661
egoargus_0ce86dc7675e,no_assistance|text_grounded,sora2_with_dialog_union|text_grounded_backfill_balanced,egoargus_0ce86dc7675e.mp4,egoargus/review-20260526/videos/egoargus_0ce86dc7675e.mp4,,,worker_signed_pending,ace5590bfc78f6440fde27c3ddec41023af2adcdb480885844773b6a37b5956c,11564403
egoargus_8f91d7ab8144,contradictory|multimodal_grounded|video_grounded_offtopic|video_grounded_ontopic,round1,egoargus_8f91d7ab8144.mp4,egoargus/review-20260526/videos/egoargus_8f91d7ab8144.mp4,,,worker_signed_pending,aad3454d8d33dcedee40e1ed2fb09a4bfbd0d3c6352c8f42a6c017facb869799,7339697
egoargus_3d7edadaf5c9,contradictory|multimodal_grounded|video_grounded_offtopic|video_grounded_ontopic,round1,egoargus_3d7edadaf5c9.mp4,egoargus/review-20260526/videos/egoargus_3d7edadaf5c9.mp4,,,worker_signed_pending,00ec57cb1a95a451b96daacab7e57163da814e9a42975d89036a49134e37af77,7392642
egoargus_43e154145ca3,contradictory|multimodal_grounded|text_grounded|video_grounded_offtopic|video_grounded_ontopic,sora2_with_dialog_union,egoargus_43e154145ca3.mp4,egoargus/review-20260526/videos/egoargus_43e154145ca3.mp4,,,worker_signed_pending,07b5620f662d00cc7c044c16d52cc10431f1f7c0bef4bf95f78ee96648bcf41e,8834781
egoargus_782514e16128,no_assistance|text_grounded,sora2_with_dialog_union|text_grounded_backfill_balanced,egoargus_782514e16128.mp4,egoargus/review-20260526/videos/egoargus_782514e16128.mp4,,,worker_signed_pending,f24f9929327c6cd03a729ed2691e4fa20f591f258aa86d553175c30f18be4509,12514163
egoargus_10ac99d53d47,no_assistance_scene_related|no_assistance_scene_unrelated,round1,egoargus_10ac99d53d47.mp4,egoargus/review-20260526/videos/egoargus_10ac99d53d47.mp4,,,worker_signed_pending,111a6e2eed38dc5bcbb6501527d0ee9e01edb9aeb71baa1bd7aacb307af49db7,12637867
egoargus_f9c191ce8a0c,contradictory|multimodal_grounded|text_grounded|video_grounded_offtopic|video_grounded_ontopic,sora2_with_dialog_union,egoargus_f9c191ce8a0c.mp4,egoargus/review-20260526/videos/egoargus_f9c191ce8a0c.mp4,,,worker_signed_pending,ae004d35f58b16fc993ef26b5f2ac68da1800aa0a19a4686a03ef34ac4c0b238,12804270
egoargus_bf7ec0bdb3b8,contradictory|multimodal_grounded|text_grounded|video_grounded_offtopic|video_grounded_ontopic,sora2_with_dialog_union,egoargus_bf7ec0bdb3b8.mp4,egoargus/review-20260526/videos/egoargus_bf7ec0bdb3b8.mp4,,,worker_signed_pending,689149c15d2bed5c8b3b3a1c66f486bd0848e38f71c807839d42110168902437,6668783
egoargus_fda5b912aa33,no_assistance,sora2_with_dialog_union,egoargus_fda5b912aa33.mp4,egoargus/review-20260526/videos/egoargus_fda5b912aa33.mp4,,,worker_signed_pending,d31827c9bbef9dca96adb6460ad6e9c81f32c1cfb1c3a11de811b328dbd0d0c7,10381576
egoargus_403c1e9cb647,no_assistance,sora2_with_dialog_union,egoargus_403c1e9cb647.mp4,egoargus/review-20260526/videos/egoargus_403c1e9cb647.mp4,,,worker_signed_pending,20cfdaa877845c591ea8ff221a46d0b865b7b83beef7dc0560ed619fecf67256,12138807
egoargus_8de8a6bfa635,no_assistance,sora2_with_dialog_union,egoargus_8de8a6bfa635.mp4,egoargus/review-20260526/videos/egoargus_8de8a6bfa635.mp4,,,worker_signed_pending,7f4eca3a911832ed2794202351234db213c3c7772bfa19cf16c6cdbbdee3e378,11352285
egoargus_367f6fe9dea1,no_assistance,sora2_with_dialog_union,egoargus_367f6fe9dea1.mp4,egoargus/review-20260526/videos/egoargus_367f6fe9dea1.mp4,,,worker_signed_pending,cf52b1d77577d0eed03d23e33fb785c5342b78a09b07a54fc6fa29ca64cbf17b,7666693
egoargus_e9937035a03b,no_assistance|text_grounded,sora2_with_dialog_union|text_grounded_backfill_balanced,egoargus_e9937035a03b.mp4,egoargus/review-20260526/videos/egoargus_e9937035a03b.mp4,,,worker_signed_pending,05ad87a0fbc71f2e39709b4c18addb78e75a5b855f2ea4a1a27230584ae58caf,11901860
egoargus_67d160856dca,no_assistance_scene_related|no_assistance_scene_unrelated,round1,egoargus_67d160856dca.mp4,egoargus/review-20260526/videos/egoargus_67d160856dca.mp4,,,worker_signed_pending,03e088564bb564567511997c54df3c7b57d5ec2ae50a1669ce433b0b6ef18c08,9907012
egoargus_4ad23102d604,no_assistance,sora2_with_dialog_union,egoargus_4ad23102d604.mp4,egoargus/review-20260526/videos/egoargus_4ad23102d604.mp4,,,worker_signed_pending,2b4118f272c550d4f5b941919e74c2d497c3238b5f4f408cc69fbdc4fd7710da,7504519
egoargus_00025179f381,no_assistance|text_grounded,sora2_with_dialog_union|text_grounded_backfill_balanced,egoargus_00025179f381.mp4,egoargus/review-20260526/videos/egoargus_00025179f381.mp4,,,worker_signed_pending,a89bcd0676a12298ffc11ebdea675ea782f44c787d6b9bf7fb620a837b2c1115,12876661
egoargus_644081556efc,no_assistance|text_grounded,sora2_with_dialog_union|text_grounded_backfill_balanced,egoargus_644081556efc.mp4,egoargus/review-20260526/videos/egoargus_644081556efc.mp4,,,worker_signed_pending,82082fa20cc030fc6f21048c63202579455216f832bbbf194f0f3dd6f44ac04e,10742569
egoargus_976ef487b9be,no_assistance,sora2_with_dialog_union,egoargus_976ef487b9be.mp4,egoargus/review-20260526/videos/egoargus_976ef487b9be.mp4,,,worker_signed_pending,9b4f6d0c69873acd40ce5238c0a430e797c126f11cfacafcf4a36aacf8c1e391,8210226
egoargus_173fee771e1a,no_assistance,sora2_with_dialog_union,egoargus_173fee771e1a.mp4,egoargus/review-20260526/videos/egoargus_173fee771e1a.mp4,,,worker_signed_pending,c09b6bf7aed0af8282f2a665001ded4f7f219220a30672f9b4a10cf59e7d01bc,8243256
egoargus_50a8dd1434ad,no_assistance,sora2_with_dialog_union,egoargus_50a8dd1434ad.mp4,egoargus/review-20260526/videos/egoargus_50a8dd1434ad.mp4,,,worker_signed_pending,52535ec12f71e3bb6bf72a9f90529e9e53450167be4f139116da1b8a992e7337,10220602
egoargus_3f57352fe2ee,no_assistance_scene_related|no_assistance_scene_unrelated,round1,egoargus_3f57352fe2ee.mp4,egoargus/review-20260526/videos/egoargus_3f57352fe2ee.mp4,,,worker_signed_pending,66cddba765b91e40e7da3e58100b24e1aacc81aa8d149bd933745f8a064e82a0,9301062
egoargus_253db13155fc,contradictory|multimodal_grounded|video_grounded_offtopic|video_grounded_ontopic,round1,egoargus_253db13155fc.mp4,egoargus/review-20260526/videos/egoargus_253db13155fc.mp4,,,worker_signed_pending,8b5bb76c61b2a7f5800558980b7ca4951a2566632d6d6247b795b21bc8e4973f,7856084
egoargus_7e7e2b724319,contradictory|multimodal_grounded|video_grounded_offtopic|video_grounded_ontopic,round1,egoargus_7e7e2b724319.mp4,egoargus/review-20260526/videos/egoargus_7e7e2b724319.mp4,,,worker_signed_pending,4047dcb66e3902ab214fe027fe1d65fa5af09260a9b1f412d00e4020d97f97e0,7262955
egoargus_6b4f67024307,contradictory|multimodal_grounded|text_grounded|video_grounded_offtopic|video_grounded_ontopic,sora2_with_dialog_union,egoargus_6b4f67024307.mp4,egoargus/review-20260526/videos/egoargus_6b4f67024307.mp4,,,worker_signed_pending,afaa4f83cc8eeb22345ffcfd37c033d607605fcb6c5e4a6036234b1deb3e20b0,12533645
egoargus_63179ca54633,no_assistance|text_grounded,sora2_with_dialog_union|text_grounded_backfill_balanced,egoargus_63179ca54633.mp4,egoargus/review-20260526/videos/egoargus_63179ca54633.mp4,,,worker_signed_pending,6e1bb9720bba1a501d32dfb9830f7a2e400b49dded423233a291f74457f75112,9907190
egoargus_8636142386b7,no_assistance_scene_related|no_assistance_scene_unrelated,round1,egoargus_8636142386b7.mp4,egoargus/review-20260526/videos/egoargus_8636142386b7.mp4,,,worker_signed_pending,2445de6c4d248dfcc3c222817c1b864a30d4695a1767687d99c7bcf841fbac57,9116651
egoargus_495667ba7f0d,no_assistance,sora2_with_dialog_union,egoargus_495667ba7f0d.mp4,egoargus/review-20260526/videos/egoargus_495667ba7f0d.mp4,,,worker_signed_pending,11f749f7a15c893808fe74e35e79abbd42a873b44404ad27ee574353ceb88c26,7262198
egoargus_b7a6cf7a6702,no_assistance,sora2_with_dialog_union,egoargus_b7a6cf7a6702.mp4,egoargus/review-20260526/videos/egoargus_b7a6cf7a6702.mp4,,,worker_signed_pending,0518e1a6c26aec8c86ba77322733444c9fc91b2b50b71fe63f787e5a388385bd,9359436
egoargus_49a17eabe245,no_assistance_scene_related|no_assistance_scene_unrelated,round1,egoargus_49a17eabe245.mp4,egoargus/review-20260526/videos/egoargus_49a17eabe245.mp4,,,worker_signed_pending,caed839c89c8e77d3a9cd1373c76e2860e1c64cc6f68000010a48c31f18caba5,11620060
egoargus_202972f47926,contradictory|multimodal_grounded|text_grounded|video_grounded_offtopic|video_grounded_ontopic,sora2_with_dialog_union,egoargus_202972f47926.mp4,egoargus/review-20260526/videos/egoargus_202972f47926.mp4,,,worker_signed_pending,67601e83d414ebcbdba95df976552e9c44cd6f564bfcc3ac82759d09f72e61e7,10716468
egoargus_10af103d4ec9,contradictory|multimodal_grounded|video_grounded_offtopic|video_grounded_ontopic,round1,egoargus_10af103d4ec9.mp4,egoargus/review-20260526/videos/egoargus_10af103d4ec9.mp4,,,worker_signed_pending,91d732dfbecc722370a43f89e93806ab073b5a592cf4c32f141e6ca351655d38,11027688
egoargus_f0cc6f1b9ed1,no_assistance|text_grounded,sora2_with_dialog_union|text_grounded_backfill_balanced,egoargus_f0cc6f1b9ed1.mp4,egoargus/review-20260526/videos/egoargus_f0cc6f1b9ed1.mp4,,,worker_signed_pending,0517ab0f79d4b2841de0c837f1edf999b64c5ad2e24d373d1bfa7948601032aa,10421278
egoargus_5a9f9e817a05,contradictory|multimodal_grounded|video_grounded_offtopic|video_grounded_ontopic,round1,egoargus_5a9f9e817a05.mp4,egoargus/review-20260526/videos/egoargus_5a9f9e817a05.mp4,,,worker_signed_pending,912b37d4e3ebb769af5c8a3a3665979ef15fb50604edf2bba2c0070415e18496,10922427
egoargus_2d2bdc0c4dae,no_assistance,sora2_with_dialog_union,egoargus_2d2bdc0c4dae.mp4,egoargus/review-20260526/videos/egoargus_2d2bdc0c4dae.mp4,,,worker_signed_pending,34ae2fcf37ddfa33acf8879e9dea84a7dda183eeecd6d65b147fcf1236c77eb4,6101080
egoargus_9825086fd1e6,no_assistance_scene_related|no_assistance_scene_unrelated,round1,egoargus_9825086fd1e6.mp4,egoargus/review-20260526/videos/egoargus_9825086fd1e6.mp4,,,worker_signed_pending,b36c9fe0f0f889dd059ebc9a9471c0161eef0fcc70a6a8d8d08c317b486ec8b5,8623294
egoargus_7f2a38398455,no_assistance,sora2_with_dialog_union,egoargus_7f2a38398455.mp4,egoargus/review-20260526/videos/egoargus_7f2a38398455.mp4,,,worker_signed_pending,800c20648d1479eca0908296feece445641c126c42a1fd0aa6dade18b5099dc2,10972055
egoargus_098d68280cdf,no_assistance_scene_related|no_assistance_scene_unrelated,round1,egoargus_098d68280cdf.mp4,egoargus/review-20260526/videos/egoargus_098d68280cdf.mp4,,,worker_signed_pending,7ce175b8290bea49e5b68939b9a57526c423abfd3b5ed723e620d0c717ce84dd,10714707
egoargus_a554072d98d4,contradictory|multimodal_grounded|video_grounded_offtopic|video_grounded_ontopic,round1,egoargus_a554072d98d4.mp4,egoargus/review-20260526/videos/egoargus_a554072d98d4.mp4,,,worker_signed_pending,715640489df19d983266dafefd7b1c04d4592a29c816ec3e276eee2e3f9f2c54,11883338
egoargus_33faa103014e,no_assistance|text_grounded,sora2_with_dialog_union|text_grounded_backfill_balanced,egoargus_33faa103014e.mp4,egoargus/review-20260526/videos/egoargus_33faa103014e.mp4,,,worker_signed_pending,87383b386cf7438969fe68b78b06469d48cfb514aaaf31981497aa422b747223,10273685
egoargus_73630ffdb211,no_assistance,sora2_with_dialog_union,egoargus_73630ffdb211.mp4,egoargus/review-20260526/videos/egoargus_73630ffdb211.mp4,,,worker_signed_pending,c3a4c010b8480c2bc9b3d42eaea09eed55d107d77137e2eedb966f5695f07873,11221860
egoargus_78745d73b91a,no_assistance,sora2_with_dialog_union,egoargus_78745d73b91a.mp4,egoargus/review-20260526/videos/egoargus_78745d73b91a.mp4,,,worker_signed_pending,41bb83cdfb59b68cbda472e05fcf45604a67b531d8dc3dfffff110fb360b80cc,11906054
egoargus_b4d6994decc7,no_assistance,sora2_with_dialog_union,egoargus_b4d6994decc7.mp4,egoargus/review-20260526/videos/egoargus_b4d6994decc7.mp4,,,worker_signed_pending,91209c7f5d9f42a2ba3c2771d5d697f081406544dbd18f4d36a31714bf5d547e,6981765
egoargus_e498591f234b,contradictory|multimodal_grounded|video_grounded_offtopic|video_grounded_ontopic,round1,egoargus_e498591f234b.mp4,egoargus/review-20260526/videos/egoargus_e498591f234b.mp4,,,worker_signed_pending,878bdd26e7ed876554807f9a57f029783e994a89f2cfa92923f66666949f058f,10456618
egoargus_57473bd6c596,contradictory|multimodal_grounded|text_grounded|video_grounded_offtopic|video_grounded_ontopic,sora2_with_dialog_union,egoargus_57473bd6c596.mp4,egoargus/review-20260526/videos/egoargus_57473bd6c596.mp4,,,worker_signed_pending,7abbc87ce92d33ad4db3e07588f93695b7b06d607f503a07d3c25414d04346b0,12565334
egoargus_9d72f5ce5cfc,contradictory|multimodal_grounded|text_grounded|video_grounded_offtopic|video_grounded_ontopic,sora2_with_dialog_union,egoargus_9d72f5ce5cfc.mp4,egoargus/review-20260526/videos/egoargus_9d72f5ce5cfc.mp4,,,worker_signed_pending,45d2fda9853901db164c90f520468276e48ab2c2b711746dd5d5b734a3a331fc,10930026
egoargus_970fe1639324,no_assistance_scene_related|no_assistance_scene_unrelated,round1,egoargus_970fe1639324.mp4,egoargus/review-20260526/videos/egoargus_970fe1639324.mp4,,,worker_signed_pending,4696c912a02556b8f25860a6ea770032bf9576ab7df9020e4f1e1979e940e6cc,8746618
egoargus_e27614afe514,no_assistance|text_grounded,sora2_with_dialog_union|text_grounded_backfill_balanced,egoargus_e27614afe514.mp4,egoargus/review-20260526/videos/egoargus_e27614afe514.mp4,,,worker_signed_pending,8082eaa0110f8114e53139022072197ef086f3b82b5b1b1bdf00a6fb3997f2b2,7786054
egoargus_8a6bb10810ba,no_assistance|text_grounded,sora2_with_dialog_union|text_grounded_backfill_balanced,egoargus_8a6bb10810ba.mp4,egoargus/review-20260526/videos/egoargus_8a6bb10810ba.mp4,,,worker_signed_pending,2af5a6e45798b092c96fb7973b18860b830b4d14ee0d8a8391c660b4d8035679,10184818
egoargus_a932d2084ef0,no_assistance|text_grounded,sora2_with_dialog_union|text_grounded_backfill_balanced,egoargus_a932d2084ef0.mp4,egoargus/review-20260526/videos/egoargus_a932d2084ef0.mp4,,,worker_signed_pending,95465a319c84fcf95e731e99383d0ff9372dc35dec4bc2e6ce0c11813da3755f,11364739
egoargus_b81161e7b55e,no_assistance|text_grounded,sora2_with_dialog_union|text_grounded_backfill_balanced,egoargus_b81161e7b55e.mp4,egoargus/review-20260526/videos/egoargus_b81161e7b55e.mp4,,,worker_signed_pending,f3978d119dce699e7d49c8be3a02fc67aff9395cf9dbd533f161b7a0602ebeb1,12865655
egoargus_4a1b5cbd30bb,no_assistance,sora2_with_dialog_union,egoargus_4a1b5cbd30bb.mp4,egoargus/review-20260526/videos/egoargus_4a1b5cbd30bb.mp4,,,worker_signed_pending,651ffdc4f08f24ce40481a752d28e4cc2dc0278bb4f3a658f9e84cb8358c0146,9998069
egoargus_8c771927e085,no_assistance,sora2_with_dialog_union,egoargus_8c771927e085.mp4,egoargus/review-20260526/videos/egoargus_8c771927e085.mp4,,,worker_signed_pending,fba83ebc386d163777531182892040aaf3b05ea3783fd27b431630daf59f0dab,11879015
egoargus_a8263715f941,no_assistance|text_grounded,sora2_with_dialog_union|text_grounded_backfill_balanced,egoargus_a8263715f941.mp4,egoargus/review-20260526/videos/egoargus_a8263715f941.mp4,,,worker_signed_pending,b16ff71d88af1e0b87da0b43e308f128af32b9490e880efe9ca5353db57b6076,7622047
egoargus_5a852ab7bb8c,no_assistance,sora2_with_dialog_union,egoargus_5a852ab7bb8c.mp4,egoargus/review-20260526/videos/egoargus_5a852ab7bb8c.mp4,,,worker_signed_pending,c0ce5a1191ce8b93e494bbb4cb09efd9f75677ffaa5c777449697307db9b499e,8035239
egoargus_647824572f11,contradictory|multimodal_grounded|text_grounded|video_grounded_offtopic|video_grounded_ontopic,sora2_with_dialog_union,egoargus_647824572f11.mp4,egoargus/review-20260526/videos/egoargus_647824572f11.mp4,,,worker_signed_pending,00180d4753c7e76fa0376dd6a56af17ab367207ffd11b22ff01351a830799391,12501528
egoargus_8a5763ed1d32,no_assistance_scene_related|no_assistance_scene_unrelated,round1,egoargus_8a5763ed1d32.mp4,egoargus/review-20260526/videos/egoargus_8a5763ed1d32.mp4,,,worker_signed_pending,e6f5eb3d60dbb8d0362ca2584cb3be15aeead8cf22d8de93ab343bd002858396,11835697
egoargus_e0b03676e5bb,no_assistance,sora2_with_dialog_union,egoargus_e0b03676e5bb.mp4,egoargus/review-20260526/videos/egoargus_e0b03676e5bb.mp4,,,worker_signed_pending,838e420312f5ef38b0dfbb67406cb2558bc8fba1b61cf747d4f50c42bc1ada3a,11725308
egoargus_4726822f53fe,no_assistance,sora2_with_dialog_union,egoargus_4726822f53fe.mp4,egoargus/review-20260526/videos/egoargus_4726822f53fe.mp4,,,worker_signed_pending,9930599e38f065403302f28ebdd4a5fb65dd229204e9199d40da443b86e3f458,7549680
egoargus_de4646b5a86a,video_grounded_offtopic,round1,egoargus_de4646b5a86a.mp4,egoargus/review-20260526/videos/egoargus_de4646b5a86a.mp4,,,worker_signed_pending,9e20382261501be14458ebe59f4b3f5a2ba0be66d02241209329f0aa67cc1e29,7699961
egoargus_fa55fa3f4ba5,no_assistance,sora2_with_dialog_union,egoargus_fa55fa3f4ba5.mp4,egoargus/review-20260526/videos/egoargus_fa55fa3f4ba5.mp4,,,worker_signed_pending,236a19939a70f7ea45ec4aba0f78699b6d459192f0f3a2a06e4abfc841e6a40c,12862164
egoargus_01c493798bb8,no_assistance_scene_related|no_assistance_scene_unrelated,round1,egoargus_01c493798bb8.mp4,egoargus/review-20260526/videos/egoargus_01c493798bb8.mp4,,,worker_signed_pending,7b8e838268ac5c5ca928d9051835e7f546af825e7683ce9673bc3cd9a08a96c9,9954421
egoargus_e7b68c7dd788,no_assistance|text_grounded,sora2_with_dialog_union|text_grounded_backfill_balanced,egoargus_e7b68c7dd788.mp4,egoargus/review-20260526/videos/egoargus_e7b68c7dd788.mp4,,,worker_signed_pending,fd1ab032b8231ac79fb9947ce40b97d51b16d89844b1196c43efefb3480c2282,8868696
egoargus_d306c2d60030,no_assistance|text_grounded,sora2_with_dialog_union|text_grounded_backfill_balanced,egoargus_d306c2d60030.mp4,egoargus/review-20260526/videos/egoargus_d306c2d60030.mp4,,,worker_signed_pending,b554bb7647350769b25a8a713d7cfe9c313a585c816362abc26c8315c0bad7db,10968873
egoargus_31b30bbf1aa6,no_assistance|text_grounded,sora2_with_dialog_union|text_grounded_backfill_balanced,egoargus_31b30bbf1aa6.mp4,egoargus/review-20260526/videos/egoargus_31b30bbf1aa6.mp4,,,worker_signed_pending,7cd5a2108532b985c239433d7b6d1b4c62c226cb2474d458fff0b3111a082eea,8005156
egoargus_f4f6b3209db9,no_assistance_scene_related,round1,egoargus_f4f6b3209db9.mp4,egoargus/review-20260526/videos/egoargus_f4f6b3209db9.mp4,,,worker_signed_pending,564e82c418ba4bc7ea511bae0aea3c84fc5e15661e881eca8f037e8305cc086f,11019333
egoargus_45747309bf45,no_assistance|text_grounded,sora2_with_dialog_union|text_grounded_backfill_balanced,egoargus_45747309bf45.mp4,egoargus/review-20260526/videos/egoargus_45747309bf45.mp4,,,worker_signed_pending,05af3347f87cca3bca3b3bcfd8089638f30234e3dd5b6ff9fe9337cf535e638f,11105850
egoargus_518fa43d507f,contradictory|multimodal_grounded|text_grounded|video_grounded_offtopic|video_grounded_ontopic,sora2_with_dialog_union,egoargus_518fa43d507f.mp4,egoargus/review-20260526/videos/egoargus_518fa43d507f.mp4,,,worker_signed_pending,0a993d6d328a9be983b2b68ced48d7e8fd4165f26a9d0e250ecff620a9c08efe,12139382
egoargus_3ff9988b6c79,no_assistance,sora2_with_dialog_union,egoargus_3ff9988b6c79.mp4,egoargus/review-20260526/videos/egoargus_3ff9988b6c79.mp4,,,worker_signed_pending,87cf3fdd73c82e761f7baa9f83bd83fdd64a907288ae8565e4bb08081d2feffb,8096273
egoargus_a01517fb2fc2,no_assistance|text_grounded,sora2_with_dialog_union|text_grounded_backfill_balanced,egoargus_a01517fb2fc2.mp4,egoargus/review-20260526/videos/egoargus_a01517fb2fc2.mp4,,,worker_signed_pending,c910fb6228c21b79bf67d4ea5cc20cd6a7df8fe1face97db8f2c022886658493,13030903
egoargus_eb458b73074d,contradictory|multimodal_grounded|text_grounded|video_grounded_offtopic|video_grounded_ontopic,sora2_with_dialog_union,egoargus_eb458b73074d.mp4,egoargus/review-20260526/videos/egoargus_eb458b73074d.mp4,,,worker_signed_pending,cca04adb86590e236bff2993340460b3856a6d11fca4749d0054be184b4272b8,12761835
egoargus_326b48c84276,no_assistance,sora2_with_dialog_union,egoargus_326b48c84276.mp4,egoargus/review-20260526/videos/egoargus_326b48c84276.mp4,,,worker_signed_pending,bdc4aa9d4248f7bb2c8e38aa578fe33e648e736ed4d9da8b2219d30fa2aed73a,11336632
egoargus_453af1b709db,no_assistance,sora2_with_dialog_union,egoargus_453af1b709db.mp4,egoargus/review-20260526/videos/egoargus_453af1b709db.mp4,,,worker_signed_pending,dc1234d879840d15a5d3307a53a7c31f6baf1b94f1dfb2cc6be01c23229e17f7,10458600
egoargus_7a6d52263383,no_assistance,sora2_with_dialog_union,egoargus_7a6d52263383.mp4,egoargus/review-20260526/videos/egoargus_7a6d52263383.mp4,,,worker_signed_pending,8927a69154304d551e1252a6b236779488b3d94c299522b16b902cb431166bfa,6988476
egoargus_239a84bc6faa,no_assistance|text_grounded,sora2_with_dialog_union|text_grounded_backfill_balanced,egoargus_239a84bc6faa.mp4,egoargus/review-20260526/videos/egoargus_239a84bc6faa.mp4,,,worker_signed_pending,87bf3a783ae836f0029abc3a3f9cba82e71308ccbc38583b08e0685a8d83ce1a,12648320
egoargus_138b8ada50f6,no_assistance|text_grounded,sora2_with_dialog_union|text_grounded_backfill_balanced,egoargus_138b8ada50f6.mp4,egoargus/review-20260526/videos/egoargus_138b8ada50f6.mp4,,,worker_signed_pending,4d2c1c1aa559b87e8bf2aba3344d280c02fea34ff5142c69316aa87f21cfaa68,8165781
egoargus_dda68d75a51f,no_assistance|text_grounded,sora2_with_dialog_union|text_grounded_backfill_balanced,egoargus_dda68d75a51f.mp4,egoargus/review-20260526/videos/egoargus_dda68d75a51f.mp4,,,worker_signed_pending,43ffdcba59319c0f7f03ecee45326ef02bb3927ffba0a742ca607fe721b9ac3e,10008571
egoargus_2429955abc02,no_assistance,sora2_with_dialog_union,egoargus_2429955abc02.mp4,egoargus/review-20260526/videos/egoargus_2429955abc02.mp4,,,worker_signed_pending,376968b036e02dbdc5ca81d662577c558d988787bbb85c36cd1497776ae3dd8d,7845769
egoargus_a1926209a1ed,no_assistance,sora2_with_dialog_union,egoargus_a1926209a1ed.mp4,egoargus/review-20260526/videos/egoargus_a1926209a1ed.mp4,,,worker_signed_pending,45f4d827c4b05fb703adbacd73699d2a3fcc90cb173eb4050274dd0f6565842c,11584502
egoargus_929dbcfbae6c,contradictory|multimodal_grounded|video_grounded_offtopic|video_grounded_ontopic,round1,egoargus_929dbcfbae6c.mp4,egoargus/review-20260526/videos/egoargus_929dbcfbae6c.mp4,,,worker_signed_pending,0772617d2aedadfa4a080e0f45f05c38b6b3495d148ee7393344d5c74f2a6bc9,15277354
egoargus_f43e08ec8cf2,multimodal_grounded,round1,egoargus_f43e08ec8cf2.mp4,egoargus/review-20260526/videos/egoargus_f43e08ec8cf2.mp4,,,worker_signed_pending,e479bdaf6fb2f029aa5ddcc96225d1a2a33f21500913e4311d134394201ea2c9,5988103
egoargus_3f47f2da588f,contradictory|multimodal_grounded|text_grounded|video_grounded_offtopic|video_grounded_ontopic,sora2_with_dialog_union,egoargus_3f47f2da588f.mp4,egoargus/review-20260526/videos/egoargus_3f47f2da588f.mp4,,,worker_signed_pending,9604132e4a56a57b0c3077cbd7d6eb2d139cb283a4bc4d70d89f77f431d2ee24,9088254
egoargus_d7135240d87a,no_assistance,sora2_with_dialog_union,egoargus_d7135240d87a.mp4,egoargus/review-20260526/videos/egoargus_d7135240d87a.mp4,,,worker_signed_pending,f39e598fe6ab3136e096f8e3f74793dda796cfbe879b08944a109cdcb57e9069,7429118
egoargus_2725e9ecd339,no_assistance_scene_related|no_assistance_scene_unrelated,round1,egoargus_2725e9ecd339.mp4,egoargus/review-20260526/videos/egoargus_2725e9ecd339.mp4,,,worker_signed_pending,b7f587d72d9f3233ad2167279a9163cd123397282e43f12dbbc902b42b7b7e84,7808573
egoargus_335e0eba277c,multimodal_grounded|video_grounded_offtopic,round1,egoargus_335e0eba277c.mp4,egoargus/review-20260526/videos/egoargus_335e0eba277c.mp4,,,worker_signed_pending,be2492c4e21cd93709b9beb52a8ebe0586ff4286d03a90a81cc41da9240a89d4,7624964
egoargus_a0768fa39de9,no_assistance_scene_related|no_assistance_scene_unrelated,round1,egoargus_a0768fa39de9.mp4,egoargus/review-20260526/videos/egoargus_a0768fa39de9.mp4,,,worker_signed_pending,e2768615e81e765da6d31955e9e639944061f5ea1aef72a21a1c52c48c71733f,9634963
egoargus_69e00dfc558e,no_assistance_scene_unrelated,round1,egoargus_69e00dfc558e.mp4,egoargus/review-20260526/videos/egoargus_69e00dfc558e.mp4,,,worker_signed_pending,1d421c33c51991a50f4f1e3bb65f22f92570d4c2d51e2f29bfcd01a6752ce12f,11215548
egoargus_4d308a9fa43b,no_assistance_scene_related|no_assistance_scene_unrelated,round1,egoargus_4d308a9fa43b.mp4,egoargus/review-20260526/videos/egoargus_4d308a9fa43b.mp4,,,worker_signed_pending,80baa76dd675d36c6cd003f73bdd0b473ddaec9b998cd3112cc02624e7cf986c,9639813
egoargus_06e06cf7897b,no_assistance|text_grounded,sora2_with_dialog_union|text_grounded_backfill_balanced,egoargus_06e06cf7897b.mp4,egoargus/review-20260526/videos/egoargus_06e06cf7897b.mp4,,,worker_signed_pending,3ab8401516bc8ba3d55cfd36f4599e8162a54ad2f7d291324ba9fdb2e498d7ef,12299301
egoargus_86ac4e14956e,no_assistance,sora2_with_dialog_union,egoargus_86ac4e14956e.mp4,egoargus/review-20260526/videos/egoargus_86ac4e14956e.mp4,,,worker_signed_pending,82f84d0bb1fb8efaf2d2131b107deda15a357ee92de51a22b076bcdd9d78f73e,9281079
egoargus_a0ffe1651648,contradictory|multimodal_grounded|video_grounded_offtopic|video_grounded_ontopic,round1,egoargus_a0ffe1651648.mp4,egoargus/review-20260526/videos/egoargus_a0ffe1651648.mp4,,,worker_signed_pending,4f99bf82adbaaf2df46a8c19f165678c20cebfcb0206d27447812696e8bb1892,16582027
egoargus_62a0fbe7eedc,video_grounded_offtopic,round1,egoargus_62a0fbe7eedc.mp4,egoargus/review-20260526/videos/egoargus_62a0fbe7eedc.mp4,,,worker_signed_pending,d33743455435e3cf9a4fdd0d9a270ee4ef89230f2bb509433de0b07ae8585b97,105103105
egoargus_6f420841ce90,no_assistance_scene_related|no_assistance_scene_unrelated,round1,egoargus_6f420841ce90.mp4,egoargus/review-20260526/videos/egoargus_6f420841ce90.mp4,,,worker_signed_pending,d05dd1c0e7172570e59f212f681c0d9f23c8d738d77ded49e8ec431351bfdd37,9811331
egoargus_5d124469fead,contradictory|multimodal_grounded|video_grounded_offtopic|video_grounded_ontopic,round1,egoargus_5d124469fead.mp4,egoargus/review-20260526/videos/egoargus_5d124469fead.mp4,,,worker_signed_pending,3587ad1edf6a427908518dcebdc03fb38f0fd24b55e3a2a1bda55d48384a585e,10482098
egoargus_b1a88aba2acb,no_assistance_scene_related|no_assistance_scene_unrelated,round1,egoargus_b1a88aba2acb.mp4,egoargus/review-20260526/videos/egoargus_b1a88aba2acb.mp4,,,worker_signed_pending,90d28a11b21be8ceadefe363110189d1b55b841540e4ca2449371abdfc868995,8946372
egoargus_a81f72fb54a9,no_assistance|text_grounded,sora2_with_dialog_union|text_grounded_backfill_balanced,egoargus_a81f72fb54a9.mp4,egoargus/review-20260526/videos/egoargus_a81f72fb54a9.mp4,,,worker_signed_pending,4b0c0488c8d2a9dc3a8f86a64fa5063b399058e8341261be4faec6411bfe91ef,12278757
egoargus_5f60da006617,no_assistance|text_grounded,sora2_with_dialog_union|text_grounded_backfill_balanced,egoargus_5f60da006617.mp4,egoargus/review-20260526/videos/egoargus_5f60da006617.mp4,,,worker_signed_pending,8337de77bfe0bfe3f0827cfb7ae7261bb930d86390f3f55155c6e0c513ca5580,11065179
egoargus_8aa68451dca9,contradictory|multimodal_grounded|text_grounded|video_grounded_offtopic|video_grounded_ontopic,sora2_with_dialog_union,egoargus_8aa68451dca9.mp4,egoargus/review-20260526/videos/egoargus_8aa68451dca9.mp4,,,worker_signed_pending,34209b75d4cd0c365166a1a0b1fa60a108ce588b46f9e0feda1727813708d534,10136360
egoargus_6eb3613f35c5,no_assistance|text_grounded,sora2_with_dialog_union|text_grounded_backfill_balanced,egoargus_6eb3613f35c5.mp4,egoargus/review-20260526/videos/egoargus_6eb3613f35c5.mp4,,,worker_signed_pending,1d4fcbd8e97f27da6ce48732c54be24f321f6000446728f58cab6d4035cb386e,12998635
egoargus_69d3108dee55,contradictory|multimodal_grounded|video_grounded_offtopic|video_grounded_ontopic,round1,egoargus_69d3108dee55.mp4,egoargus/review-20260526/videos/egoargus_69d3108dee55.mp4,,,worker_signed_pending,6f03461b060f6e87f91bc5ca9d1a6878a82c9f51d23f127a19473bbec8561433,9746340
egoargus_3a020154b897,no_assistance|text_grounded,sora2_with_dialog_union|text_grounded_backfill_balanced,egoargus_3a020154b897.mp4,egoargus/review-20260526/videos/egoargus_3a020154b897.mp4,,,worker_signed_pending,bc15277487a5c1ebb414800355b8b59fedb1ba7d69bee615e76df6fab12a887d,11123516
egoargus_e47070bc269f,contradictory|multimodal_grounded|text_grounded|video_grounded_offtopic|video_grounded_ontopic,sora2_with_dialog_union,egoargus_e47070bc269f.mp4,egoargus/review-20260526/videos/egoargus_e47070bc269f.mp4,,,worker_signed_pending,cb65f8dfcb64f41155562cf60478900b48e1ce62e2a1506868baf83a872e480e,6587619
egoargus_f5375c34523b,no_assistance,sora2_with_dialog_union,egoargus_f5375c34523b.mp4,egoargus/review-20260526/videos/egoargus_f5375c34523b.mp4,,,worker_signed_pending,35c2c0be05babf6673f17b0c93239ab5734d5c8f0c75f1867fc905781df66540,11758731
egoargus_27d2e5b5bd96,contradictory|multimodal_grounded|text_grounded|video_grounded_offtopic|video_grounded_ontopic,sora2_with_dialog_union,egoargus_27d2e5b5bd96.mp4,egoargus/review-20260526/videos/egoargus_27d2e5b5bd96.mp4,,,worker_signed_pending,bf44eb238b67c3b3f84892b1eb97212178253f8217006e4fa1a274f47b15c1d5,10270502
egoargus_058b1b02940a,contradictory|multimodal_grounded|text_grounded|video_grounded_offtopic|video_grounded_ontopic,sora2_with_dialog_union,egoargus_058b1b02940a.mp4,egoargus/review-20260526/videos/egoargus_058b1b02940a.mp4,,,worker_signed_pending,6e95eb51e4285f0e73d217de7db55b12b23b568a7558e51c2dc8213b4823cbe7,9857672
egoargus_02a40912c868,no_assistance|text_grounded,sora2_with_dialog_union|text_grounded_backfill_balanced,egoargus_02a40912c868.mp4,egoargus/review-20260526/videos/egoargus_02a40912c868.mp4,,,worker_signed_pending,343ad49daa92f19bd9c3cab190ec9a5bc431926d24bd9a6c0f3308198b1aaf18,11344991
egoargus_e7455472aab7,no_assistance,sora2_with_dialog_union,egoargus_e7455472aab7.mp4,egoargus/review-20260526/videos/egoargus_e7455472aab7.mp4,,,worker_signed_pending,1a8113817156eef3bb49bf9384f023c023b85101b6997d559df74c3a3a087408,12580270
egoargus_c2fb72355c05,video_grounded_offtopic,sora2_with_dialog_union,egoargus_c2fb72355c05.mp4,egoargus/review-20260526/videos/egoargus_c2fb72355c05.mp4,,,worker_signed_pending,b11212d6a7c8ce24a1a2baaddcb6d8f7eb8dcee6411f3dc8d2a87e14a545785b,10841150
egoargus_1f137d92282d,no_assistance,sora2_with_dialog_union,egoargus_1f137d92282d.mp4,egoargus/review-20260526/videos/egoargus_1f137d92282d.mp4,,,worker_signed_pending,beedee869cdf874364a39cd5c90ff65edadb805ab2af29594395f5e9facc396d,12840929
egoargus_5196f0c4156b,contradictory|multimodal_grounded|video_grounded_offtopic|video_grounded_ontopic,round1,egoargus_5196f0c4156b.mp4,egoargus/review-20260526/videos/egoargus_5196f0c4156b.mp4,,,worker_signed_pending,a8260d1417c1cfd944107977fb5920fd3d738801a2d208902f648ac20745f485,19257010
egoargus_1c4bf5bbe583,no_assistance,sora2_with_dialog_union,egoargus_1c4bf5bbe583.mp4,egoargus/review-20260526/videos/egoargus_1c4bf5bbe583.mp4,,,worker_signed_pending,2a00bdf3c6794d0bafaa1d10193d7992cf744c78ac2fbc0aff831fde7139f66d,11281510
egoargus_60eb927abbe7,no_assistance_scene_related|no_assistance_scene_unrelated,round1,egoargus_60eb927abbe7.mp4,egoargus/review-20260526/videos/egoargus_60eb927abbe7.mp4,,,worker_signed_pending,c7b215f84bfc4863570bc7e21f8966bff016469f5828a6fa404fec8f10187618,8971312
egoargus_2376197cb287,no_assistance_scene_related|no_assistance_scene_unrelated,round1,egoargus_2376197cb287.mp4,egoargus/review-20260526/videos/egoargus_2376197cb287.mp4,,,worker_signed_pending,28828f90ace23e56d5362f11af4fd2c009a3657f87d0a827ccf27c364a282131,9395971
egoargus_1c1edb0220be,no_assistance_scene_related|no_assistance_scene_unrelated,round1,egoargus_1c1edb0220be.mp4,egoargus/review-20260526/videos/egoargus_1c1edb0220be.mp4,,,worker_signed_pending,018d1cdbaa60e7934db5608e177390392c33d3027c48aaf380b6aca361aef805,9594967
egoargus_461aa0513171,multimodal_grounded|video_grounded_offtopic,round1,egoargus_461aa0513171.mp4,egoargus/review-20260526/videos/egoargus_461aa0513171.mp4,,,worker_signed_pending,7ec4eb98ad8b7ce8a0387caedc4061c99445d9c76df15d2dcc34be4764fbdc9a,8020047
egoargus_a0f217bac002,no_assistance_scene_related|no_assistance_scene_unrelated,round1,egoargus_a0f217bac002.mp4,egoargus/review-20260526/videos/egoargus_a0f217bac002.mp4,,,worker_signed_pending,bbd7b363878f831682179564e7b093c7f8fd321916cc5d642a09a2f9023f7c0f,6862036
egoargus_bb1dc204a895,no_assistance_scene_related|no_assistance_scene_unrelated,round1,egoargus_bb1dc204a895.mp4,egoargus/review-20260526/videos/egoargus_bb1dc204a895.mp4,,,worker_signed_pending,d230baeddfe290e5ab08f4a21068003e9dbfb3a1a032205eff3b6d812f75bbc5,8131632
egoargus_35bce045bfc0,no_assistance,sora2_with_dialog_union,egoargus_35bce045bfc0.mp4,egoargus/review-20260526/videos/egoargus_35bce045bfc0.mp4,,,worker_signed_pending,f579c9cfbe475647fdc5b1e98bdf0cc533f74ad9f9ffa79782a62ca76f5b7e11,11937287
egoargus_cb6a28e8e89d,no_assistance|text_grounded,sora2_with_dialog_union|text_grounded_backfill_balanced,egoargus_cb6a28e8e89d.mp4,egoargus/review-20260526/videos/egoargus_cb6a28e8e89d.mp4,,,worker_signed_pending,81e525f6dc73cf7409287c1c26e591072cc42b5be1f21d8ee04bd392509f97ba,8742642
egoargus_c34d7980bac5,no_assistance|text_grounded,sora2_with_dialog_union|text_grounded_backfill_balanced,egoargus_c34d7980bac5.mp4,egoargus/review-20260526/videos/egoargus_c34d7980bac5.mp4,,,worker_signed_pending,b09964f102e8738374928fa45578d4a5bcb4ed3fcbee02d6115555b9bb6c1f65,9780029
egoargus_2386433bdb48,no_assistance_scene_related|no_assistance_scene_unrelated,round1,egoargus_2386433bdb48.mp4,egoargus/review-20260526/videos/egoargus_2386433bdb48.mp4,,,worker_signed_pending,75056822a158f8b61393b6612fc9fa2cd671d1bcfb15f84914a9977c9b05a0e0,11493942
egoargus_bf5c563c9ccd,contradictory|multimodal_grounded|video_grounded_offtopic,round1,egoargus_bf5c563c9ccd.mp4,egoargus/review-20260526/videos/egoargus_bf5c563c9ccd.mp4,,,worker_signed_pending,800b2060e0b097ccca6b85798b6ed7f6639a7fa16035143d7a64225e07761d98,10064553
egoargus_bd54fb01f311,no_assistance_scene_related|no_assistance_scene_unrelated,round1,egoargus_bd54fb01f311.mp4,egoargus/review-20260526/videos/egoargus_bd54fb01f311.mp4,,,worker_signed_pending,8b1634ac5cfdfb2eca0e586103429d4cb0a47e14ce3a45fb5bf9a83b6f254a32,10720340
egoargus_d2cad2f87b7e,contradictory|multimodal_grounded|video_grounded_offtopic|video_grounded_ontopic,round1,egoargus_d2cad2f87b7e.mp4,egoargus/review-20260526/videos/egoargus_d2cad2f87b7e.mp4,,,worker_signed_pending,c374c39b27981dfbd88f2feb2cb4db3332a42c7e3d0741c0aced0fd298751cb0,10584272
egoargus_08294286b944,no_assistance|text_grounded,sora2_with_dialog_union|text_grounded_backfill_balanced,egoargus_08294286b944.mp4,egoargus/review-20260526/videos/egoargus_08294286b944.mp4,,,worker_signed_pending,a54fbcb6cc14d8b7b917716c80c273df1536aa7385b1a6f90ef55d9d3e3f591e,10071801
egoargus_7b00da38ca0a,contradictory|multimodal_grounded|text_grounded|video_grounded_offtopic|video_grounded_ontopic,sora2_with_dialog_union,egoargus_7b00da38ca0a.mp4,egoargus/review-20260526/videos/egoargus_7b00da38ca0a.mp4,,,worker_signed_pending,4765724867e561d6fef466fd7b6318e3efa66966b07a0663dc17fc7a56f84259,8898357
egoargus_ae614e7acfce,no_assistance_scene_related|no_assistance_scene_unrelated,round1,egoargus_ae614e7acfce.mp4,egoargus/review-20260526/videos/egoargus_ae614e7acfce.mp4,,,worker_signed_pending,b7c403a3431b31d743fd9f8d0ef146423aeb2faeb38a848629385fed5a57b43d,9778536
egoargus_60008cfbaeb3,no_assistance_scene_related|no_assistance_scene_unrelated,round1,egoargus_60008cfbaeb3.mp4,egoargus/review-20260526/videos/egoargus_60008cfbaeb3.mp4,,,worker_signed_pending,b2bb7251bf27483fc189545fbaa97eeb312c7b718922a11ff48ecdf97cc17349,9848948
egoargus_e8697fc4de6e,contradictory|multimodal_grounded|text_grounded|video_grounded_offtopic|video_grounded_ontopic,sora2_with_dialog_union,egoargus_e8697fc4de6e.mp4,egoargus/review-20260526/videos/egoargus_e8697fc4de6e.mp4,,,worker_signed_pending,9b4733d5c0f4889c9adf177b28c5544d8a4d8261de3a3c847ed9f840a928218d,12077295
egoargus_d38c5c0ba9a3,no_assistance,sora2_with_dialog_union,egoargus_d38c5c0ba9a3.mp4,egoargus/review-20260526/videos/egoargus_d38c5c0ba9a3.mp4,,,worker_signed_pending,644eda7a6560cd3c029130d741f2a85dd3ecc13e3535985dd6b9f895abda772f,10301048
egoargus_affdba423af8,no_assistance_scene_related|no_assistance_scene_unrelated,round1,egoargus_affdba423af8.mp4,egoargus/review-20260526/videos/egoargus_affdba423af8.mp4,,,worker_signed_pending,ae3a500d69f5fce0911d18f6ae20d80f377f02cb2c8ce655a0e37a27bda436ca,10754134
egoargus_7aaa85bd748b,no_assistance,sora2_with_dialog_union,egoargus_7aaa85bd748b.mp4,egoargus/review-20260526/videos/egoargus_7aaa85bd748b.mp4,,,worker_signed_pending,0be275ad1a66b4c7c1a40ba09bb8e4916474ec16aa820847fab2081619643d4e,11451512
egoargus_e075f51bce1c,no_assistance_scene_related|no_assistance_scene_unrelated,round1,egoargus_e075f51bce1c.mp4,egoargus/review-20260526/videos/egoargus_e075f51bce1c.mp4,,,worker_signed_pending,6087cd6ec35d8f950156c93bfbba5eb0821f63136fa01347096f3d399df6c9bc,10221553
egoargus_80060ced68b1,no_assistance|text_grounded,sora2_with_dialog_union|text_grounded_backfill_balanced,egoargus_80060ced68b1.mp4,egoargus/review-20260526/videos/egoargus_80060ced68b1.mp4,,,worker_signed_pending,630a6dfecd514da7959e87621f5766b9d07971335491299a60fce036af480be5,10614853
egoargus_b2f7537d7dc4,contradictory|multimodal_grounded|video_grounded_offtopic|video_grounded_ontopic,round1,egoargus_b2f7537d7dc4.mp4,egoargus/review-20260526/videos/egoargus_b2f7537d7dc4.mp4,,,worker_signed_pending,f836f3462a9d7705745c9581a8aa0ce3d1a45996d724581ffec8b66cf6a3abc8,5578550
egoargus_cb2185afcb43,no_assistance|text_grounded,sora2_with_dialog_union|text_grounded_backfill_balanced,egoargus_cb2185afcb43.mp4,egoargus/review-20260526/videos/egoargus_cb2185afcb43.mp4,,,worker_signed_pending,ebf31cd3caea382b47b0da2c0411c238823ed854ae6c9e0395549066040d8d7c,9207405
egoargus_ded48b253cd6,contradictory|multimodal_grounded|video_grounded_offtopic,round1,egoargus_ded48b253cd6.mp4,egoargus/review-20260526/videos/egoargus_ded48b253cd6.mp4,,,worker_signed_pending,3e46a0d62807a5f87d9a9576914c68354b637888712bd1a0b7b57110b743b906,7597850
egoargus_b867a53f39e0,no_assistance|text_grounded,sora2_with_dialog_union|text_grounded_backfill_balanced,egoargus_b867a53f39e0.mp4,egoargus/review-20260526/videos/egoargus_b867a53f39e0.mp4,,,worker_signed_pending,ff5aa8bdec973b425c9d23bdd7e5a4b79d5afd3ce806a6ffb93c8b8af349d107,13291028
egoargus_7e39ecbe5db4,contradictory|multimodal_grounded|video_grounded_offtopic|video_grounded_ontopic,round1,egoargus_7e39ecbe5db4.mp4,egoargus/review-20260526/videos/egoargus_7e39ecbe5db4.mp4,,,worker_signed_pending,01566b6d485b90d507353152b425a4ad9b75284bc20da293af3d194c5b5aa147,9733867
egoargus_d133990c6a69,no_assistance|text_grounded,sora2_with_dialog_union|text_grounded_backfill_balanced,egoargus_d133990c6a69.mp4,egoargus/review-20260526/videos/egoargus_d133990c6a69.mp4,,,worker_signed_pending,593fd8268303c12eb3e8ae3c055890b5aed4ec89af1de200a7b38a8e00bd8bb4,11455305
egoargus_a08929e22286,no_assistance,sora2_with_dialog_union,egoargus_a08929e22286.mp4,egoargus/review-20260526/videos/egoargus_a08929e22286.mp4,,,worker_signed_pending,a8d71e2c6b9f32bf7c39b4e3d11638a782b01f3b92169d19c7a49d18403b3d38,12363411
egoargus_635631888027,no_assistance|text_grounded,sora2_with_dialog_union|text_grounded_backfill_balanced,egoargus_635631888027.mp4,egoargus/review-20260526/videos/egoargus_635631888027.mp4,,,worker_signed_pending,54cb7364b00a34587bb45afee75f346c6c1e4ae20870e070d20989de9a21aa45,12854490
egoargus_0a8bab0eeddd,no_assistance|text_grounded,sora2_with_dialog_union|text_grounded_backfill_balanced,egoargus_0a8bab0eeddd.mp4,egoargus/review-20260526/videos/egoargus_0a8bab0eeddd.mp4,,,worker_signed_pending,17e43c160701480e57615c3fde751957c0e4a0a24fbafc1be0957b0989fa4975,9783465
egoargus_3a57ab7f0c19,no_assistance_scene_related,round1,egoargus_3a57ab7f0c19.mp4,egoargus/review-20260526/videos/egoargus_3a57ab7f0c19.mp4,,,worker_signed_pending,71ffddf7bd61c891069ddd43bc49212799868764ff889ff2611295e822b39dd4,11055932
egoargus_623c0ca13804,no_assistance|text_grounded,sora2_with_dialog_union|text_grounded_backfill_balanced,egoargus_623c0ca13804.mp4,egoargus/review-20260526/videos/egoargus_623c0ca13804.mp4,,,worker_signed_pending,a9ea3d88a333454f27f6829d330ce7c947744955869272e28db1f249e150864b,11133432
egoargus_f794281b8453,no_assistance,sora2_with_dialog_union,egoargus_f794281b8453.mp4,egoargus/review-20260526/videos/egoargus_f794281b8453.mp4,,,worker_signed_pending,1ea03c7c25b1b1ef97755614b6eafed40216543f41ca06fb4a1f0262bba15141,12854990
egoargus_6660eadef54c,no_assistance,sora2_with_dialog_union,egoargus_6660eadef54c.mp4,egoargus/review-20260526/videos/egoargus_6660eadef54c.mp4,,,worker_signed_pending,4905078e48b9ab9cac49ff9aba783800df48e3c09a2c50a7e0d09a42e6bf6a0b,9439326
egoargus_eb0592c20c0b,no_assistance_scene_related|no_assistance_scene_unrelated,round1,egoargus_eb0592c20c0b.mp4,egoargus/review-20260526/videos/egoargus_eb0592c20c0b.mp4,,,worker_signed_pending,470bcfd29c75ef6427cd9201625ca458ba775c7f275848c7085aa60b77fdf4bd,11116482
egoargus_04f44f754080,no_assistance|text_grounded,sora2_with_dialog_union|text_grounded_backfill_balanced,egoargus_04f44f754080.mp4,egoargus/review-20260526/videos/egoargus_04f44f754080.mp4,,,worker_signed_pending,8cd4aee70e4a7ef589de457cd6459f3bb4e6c8ff318a3cbd8b8eaf5820a5fad8,8460615
egoargus_96342a61d2c0,no_assistance_scene_related|no_assistance_scene_unrelated,round1,egoargus_96342a61d2c0.mp4,egoargus/review-20260526/videos/egoargus_96342a61d2c0.mp4,,,worker_signed_pending,36ee7d648fbac82f6b6f2600d0e059fb375cc8dc0d7b8c1c502410140bd2c27d,7434846
egoargus_a4e0f065c4a8,no_assistance|text_grounded,sora2_with_dialog_union|text_grounded_backfill_balanced,egoargus_a4e0f065c4a8.mp4,egoargus/review-20260526/videos/egoargus_a4e0f065c4a8.mp4,,,worker_signed_pending,7fbc24ed994ef069cf3a0c2d8a0ff854e52ba543f361d2d9b681d6c002c5026f,12890038
egoargus_430e83a6e4ff,multimodal_grounded|video_grounded_offtopic,round1,egoargus_430e83a6e4ff.mp4,egoargus/review-20260526/videos/egoargus_430e83a6e4ff.mp4,,,worker_signed_pending,14bebee58b96d9bdf6a5f9c5bc2715a71f9df08ce1b041211fe18d0ce25bbd4c,6476826
egoargus_3999d660f439,contradictory|multimodal_grounded|video_grounded_offtopic|video_grounded_ontopic,sora2_with_dialog_union,egoargus_3999d660f439.mp4,egoargus/review-20260526/videos/egoargus_3999d660f439.mp4,,,worker_signed_pending,cd44c9d52c744209abb584c2e7e395f3ddcd7196226a1c08185982b290b7ea81,8566562
egoargus_f89cc4938c5a,no_assistance_scene_related|no_assistance_scene_unrelated,round1,egoargus_f89cc4938c5a.mp4,egoargus/review-20260526/videos/egoargus_f89cc4938c5a.mp4,,,worker_signed_pending,9d7074ad09abeb41214d59db65f8e15ff131c77ab61cb1e1e3739092d453ccaa,9804750
egoargus_7741a911fe29,no_assistance_scene_related|no_assistance_scene_unrelated,round1,egoargus_7741a911fe29.mp4,egoargus/review-20260526/videos/egoargus_7741a911fe29.mp4,,,worker_signed_pending,c997781a7eaa8d97d42edf9c35b0b405ae895edc005a3cafff5af8a47c124b2e,12309176
egoargus_ff91b56a3170,no_assistance_scene_related|no_assistance_scene_unrelated,round1,egoargus_ff91b56a3170.mp4,egoargus/review-20260526/videos/egoargus_ff91b56a3170.mp4,,,worker_signed_pending,3dacded0a479825c1b18f1558084cfa7e459ce64da4c1c1d33dccf23df2ac35d,9410155
egoargus_1a9d010603cb,no_assistance,sora2_with_dialog_union,egoargus_1a9d010603cb.mp4,egoargus/review-20260526/videos/egoargus_1a9d010603cb.mp4,,,worker_signed_pending,80e9c726a248ec69581bcc859fcda6d59597fe2d8bd644e006532bc9b48557ba,6760172
egoargus_db6e04fb6523,no_assistance,sora2_with_dialog_union,egoargus_db6e04fb6523.mp4,egoargus/review-20260526/videos/egoargus_db6e04fb6523.mp4,,,worker_signed_pending,daa8bf696589bf33f0fddac1ff9c4ec51b1cda5d27e6e92c649731c77d87bcc9,10672243
egoargus_e70ed8fd201a,multimodal_grounded|video_grounded_offtopic|video_grounded_ontopic,round1,egoargus_e70ed8fd201a.mp4,egoargus/review-20260526/videos/egoargus_e70ed8fd201a.mp4,,,worker_signed_pending,17239663d85b72f4103b14af6d57b5ac01f27181c958b8a7fc7c132d9150bceb,8276756
egoargus_73364828210e,no_assistance,sora2_with_dialog_union,egoargus_73364828210e.mp4,egoargus/review-20260526/videos/egoargus_73364828210e.mp4,,,worker_signed_pending,bd5610e1fabd959c15fbd37838ed55422e8494f3805bbde04cf38a8c4f6cc61e,10224762
egoargus_4a86deab4244,no_assistance|text_grounded,sora2_with_dialog_union|text_grounded_backfill_balanced,egoargus_4a86deab4244.mp4,egoargus/review-20260526/videos/egoargus_4a86deab4244.mp4,,,worker_signed_pending,6632592b2e320a88089b2afb1d119488f831f0e25a0938033e38bfc69bf865e7,8408135
egoargus_0f4cc2af04f4,no_assistance|text_grounded,sora2_with_dialog_union|text_grounded_backfill_balanced,egoargus_0f4cc2af04f4.mp4,egoargus/review-20260526/videos/egoargus_0f4cc2af04f4.mp4,,,worker_signed_pending,749081a9be4c90e785027479cc065ce9d9f4d5d104dc8bfc87b833ad6cf250c7,12679189
egoargus_46eac7a6a8d9,no_assistance,sora2_with_dialog_union,egoargus_46eac7a6a8d9.mp4,egoargus/review-20260526/videos/egoargus_46eac7a6a8d9.mp4,,,worker_signed_pending,190b7fc7b175eedb009c56e3ca7445d77b81aa67114931907731d335f27a1325,10108481
egoargus_69d7c255111a,contradictory|multimodal_grounded|video_grounded_offtopic|video_grounded_ontopic,round1,egoargus_69d7c255111a.mp4,egoargus/review-20260526/videos/egoargus_69d7c255111a.mp4,,,worker_signed_pending,1e021efa6e3e7755fc6b066a311d460ab735a691e9c2b68b643953e21ab3271a,12668538
egoargus_3dee6b4f9316,contradictory|multimodal_grounded|video_grounded_offtopic|video_grounded_ontopic,sora2_with_dialog_union,egoargus_3dee6b4f9316.mp4,egoargus/review-20260526/videos/egoargus_3dee6b4f9316.mp4,,,worker_signed_pending,1b16c2c5472076b4c6de42642de1ac8cfb4ccf667e01b2dabe0018bd8603c236,8482820
egoargus_2d4cdb92e9cd,no_assistance_scene_related|no_assistance_scene_unrelated,round1,egoargus_2d4cdb92e9cd.mp4,egoargus/review-20260526/videos/egoargus_2d4cdb92e9cd.mp4,,,worker_signed_pending,ab0455118690fb38a975164f9d1c62ef7e6f81b2b3f804d6c3e36198ae74ee5b,9601613
egoargus_5893d10855d8,contradictory|multimodal_grounded|video_grounded_offtopic|video_grounded_ontopic,round1,egoargus_5893d10855d8.mp4,egoargus/review-20260526/videos/egoargus_5893d10855d8.mp4,,,worker_signed_pending,188da6df47a102d0d53584464b0c30e600a05b1e734cc71d2ced757c99a90d23,9656268
egoargus_2184cf40f19b,multimodal_grounded|video_grounded_offtopic,round1,egoargus_2184cf40f19b.mp4,egoargus/review-20260526/videos/egoargus_2184cf40f19b.mp4,,,worker_signed_pending,34657960712c58c998f928fbacfa269f14932e17ecc189b748fd73f8d7a58bad,11417821
egoargus_11fb543ebab7,contradictory|multimodal_grounded|text_grounded|video_grounded_offtopic|video_grounded_ontopic,sora2_with_dialog_union,egoargus_11fb543ebab7.mp4,egoargus/review-20260526/videos/egoargus_11fb543ebab7.mp4,,,worker_signed_pending,49ac1832a0b2339c79a2feed16c5fb5969718416ee6bc673b7b7d290b8daa647,6644267
egoargus_2948c86fc877,video_grounded_offtopic,round1,egoargus_2948c86fc877.mp4,egoargus/review-20260526/videos/egoargus_2948c86fc877.mp4,,,worker_signed_pending,9f03f9a8579ce1c7f95bf8d1716beaecb31e05b148fe29cc0286ce004d74ca7d,12548868
egoargus_b2659d69dd36,no_assistance_scene_related|no_assistance_scene_unrelated,round1,egoargus_b2659d69dd36.mp4,egoargus/review-20260526/videos/egoargus_b2659d69dd36.mp4,,,worker_signed_pending,41901e4169c667b2d1e15f39798f134ffcea70a2b11b777e6291ec0234826dec,10539047
egoargus_4813e72fb731,contradictory|multimodal_grounded|video_grounded_offtopic|video_grounded_ontopic,round1,egoargus_4813e72fb731.mp4,egoargus/review-20260526/videos/egoargus_4813e72fb731.mp4,,,worker_signed_pending,c00e6b1c6f8cde4a90500610cd7951fb3e805adad8d1ca246ec07c5ed2077e82,7552342
egoargus_d7f4d8c0056c,no_assistance|text_grounded,sora2_with_dialog_union|text_grounded_backfill_balanced,egoargus_d7f4d8c0056c.mp4,egoargus/review-20260526/videos/egoargus_d7f4d8c0056c.mp4,,,worker_signed_pending,990908de5881cb5e90518a7d945a2818d3f8c3f1930c824d35f3185bc027a255,12178790
egoargus_f09fa869dede,contradictory|multimodal_grounded|video_grounded_offtopic|video_grounded_ontopic,round1,egoargus_f09fa869dede.mp4,egoargus/review-20260526/videos/egoargus_f09fa869dede.mp4,,,worker_signed_pending,a6df0aa0dd012764bc38a2f6f23b08f085fe3d40173b7995c424d127a8688926,9259974
egoargus_6f636a76f2c8,no_assistance|text_grounded,sora2_with_dialog_union|text_grounded_backfill_balanced,egoargus_6f636a76f2c8.mp4,egoargus/review-20260526/videos/egoargus_6f636a76f2c8.mp4,,,worker_signed_pending,64d18c0c0d3e15fa41a7f04c362f4ae28ab5ee6d8171b366822a6fbe614f5a4a,13077794
egoargus_c14ace87c1f7,no_assistance_scene_related|no_assistance_scene_unrelated,round1,egoargus_c14ace87c1f7.mp4,egoargus/review-20260526/videos/egoargus_c14ace87c1f7.mp4,,,worker_signed_pending,4b654b05bfe239cba8431086cc9f2755368611347889ec60d4ca5223c8733df6,11241749
egoargus_258903330e44,contradictory|multimodal_grounded|text_grounded|video_grounded_offtopic|video_grounded_ontopic,sora2_with_dialog_union,egoargus_258903330e44.mp4,egoargus/review-20260526/videos/egoargus_258903330e44.mp4,,,worker_signed_pending,105219eebb63b053da49f7ec9f9a0c4bba81382b7b0062618978d87593f127c1,9163963
egoargus_f580ebbbb25a,contradictory|multimodal_grounded|text_grounded|video_grounded_offtopic|video_grounded_ontopic,sora2_with_dialog_union,egoargus_f580ebbbb25a.mp4,egoargus/review-20260526/videos/egoargus_f580ebbbb25a.mp4,,,worker_signed_pending,0e376f495e644c123afba66eb0fc67b3366f61adc25c782388c4ddf7c2227720,8096275
egoargus_f39421baa4b2,no_assistance,sora2_with_dialog_union,egoargus_f39421baa4b2.mp4,egoargus/review-20260526/videos/egoargus_f39421baa4b2.mp4,,,worker_signed_pending,f26c5b6ee597356fa9acb630e97a3a790d7c2c7ff800d7bd33682c5a2e98d9f6,9031656
egoargus_4e3709a45e57,contradictory|multimodal_grounded|text_grounded|video_grounded_offtopic|video_grounded_ontopic,sora2_with_dialog_union,egoargus_4e3709a45e57.mp4,egoargus/review-20260526/videos/egoargus_4e3709a45e57.mp4,,,worker_signed_pending,ed84c22e7689c9b30bc854a5732d7baa8c2e7384211df21470c47ea0dd9f02f6,6510242
egoargus_80a594f2cdff,no_assistance_scene_related|no_assistance_scene_unrelated,round1,egoargus_80a594f2cdff.mp4,egoargus/review-20260526/videos/egoargus_80a594f2cdff.mp4,,,worker_signed_pending,b3665cda16eb770a08eeaed4093ab30ff593556435ef88212cbdce1e935a29b7,8755370
egoargus_e15d97c159ab,contradictory|multimodal_grounded|video_grounded_offtopic|video_grounded_ontopic,round1,egoargus_e15d97c159ab.mp4,egoargus/review-20260526/videos/egoargus_e15d97c159ab.mp4,,,worker_signed_pending,f6d9b7b187086fa07101f2e589273294ae1f2fd327e68e2a33eb5079f3b44678,9719222
egoargus_c5880420f648,no_assistance_scene_related|no_assistance_scene_unrelated,round1,egoargus_c5880420f648.mp4,egoargus/review-20260526/videos/egoargus_c5880420f648.mp4,,,worker_signed_pending,65862d6840106d7afc164e0e2708a752e1e3d983e4eed77703e5a39498d25c7f,13025798
egoargus_94275177d22f,contradictory|multimodal_grounded|text_grounded|video_grounded_offtopic|video_grounded_ontopic,sora2_with_dialog_union,egoargus_94275177d22f.mp4,egoargus/review-20260526/videos/egoargus_94275177d22f.mp4,,,worker_signed_pending,9f22ce6ea0565de0fd8a6e2da4fa76c128a0375865d6673103d2f3eefea9cd29,12218596
egoargus_0fd0ee957876,no_assistance,sora2_with_dialog_union,egoargus_0fd0ee957876.mp4,egoargus/review-20260526/videos/egoargus_0fd0ee957876.mp4,,,worker_signed_pending,a66cf0e55d58560804b3e590d893e933f34b9bcb129b197da67631e35bbbce44,7829544
egoargus_87ebd514d9df,no_assistance,sora2_with_dialog_union,egoargus_87ebd514d9df.mp4,egoargus/review-20260526/videos/egoargus_87ebd514d9df.mp4,,,worker_signed_pending,63634d4420c128035766850aa1adb89cfaf43726b39cdd149a3d55feb06aa64f,10483347
egoargus_6b7f20588fc7,no_assistance|text_grounded,sora2_with_dialog_union|text_grounded_backfill_balanced,egoargus_6b7f20588fc7.mp4,egoargus/review-20260526/videos/egoargus_6b7f20588fc7.mp4,,,worker_signed_pending,15964b31ebb2a61a1cbf8275a604535afc80a5ed11a6360fc82422e6459807ee,9631832
egoargus_4120beafb8cb,no_assistance,sora2_with_dialog_union,egoargus_4120beafb8cb.mp4,egoargus/review-20260526/videos/egoargus_4120beafb8cb.mp4,,,worker_signed_pending,a46d69aab851eb04f2cc6daa7bfa01ae08e687e9f9576858d7658a2a8e8cad4d,8444023
egoargus_d5bd2102982a,contradictory|multimodal_grounded|video_grounded_offtopic|video_grounded_ontopic,round1,egoargus_d5bd2102982a.mp4,egoargus/review-20260526/videos/egoargus_d5bd2102982a.mp4,,,worker_signed_pending,e762b6c928735ab1c0fca3e9192edbb7ade1dfd137528f4fb5bd2234df9cf6a3,12500701
egoargus_32280a6aad00,contradictory|multimodal_grounded|video_grounded_offtopic|video_grounded_ontopic,round1,egoargus_32280a6aad00.mp4,egoargus/review-20260526/videos/egoargus_32280a6aad00.mp4,,,worker_signed_pending,a9531fe3a68f41f7faf2db080083c771f68c976d6c4f42988187c1c48aed88e5,13938328
egoargus_12ca35b70214,contradictory|multimodal_grounded|video_grounded_offtopic|video_grounded_ontopic,round1,egoargus_12ca35b70214.mp4,egoargus/review-20260526/videos/egoargus_12ca35b70214.mp4,,,worker_signed_pending,d07fec33bd6a1b1a633e3f6bfe47be0c91e2c053cbf6d7d00dccead065678e57,6847456
egoargus_76f1aab3f5d1,contradictory|multimodal_grounded|video_grounded_offtopic|video_grounded_ontopic,round1,egoargus_76f1aab3f5d1.mp4,egoargus/review-20260526/videos/egoargus_76f1aab3f5d1.mp4,,,worker_signed_pending,161dae9c0120e4e8e47425b86fbeab9e0cd71299fb4cc4a1247e4089c4f5f6d9,6672047
egoargus_87a450577839,no_assistance|text_grounded,sora2_with_dialog_union|text_grounded_backfill_balanced,egoargus_87a450577839.mp4,egoargus/review-20260526/videos/egoargus_87a450577839.mp4,,,worker_signed_pending,fc4428ec8caa101704080e94bdbf5960c3707152a1b88850e902cbec953c6347,6243533
egoargus_3e11d472383e,contradictory|multimodal_grounded|video_grounded_offtopic|video_grounded_ontopic,round1,egoargus_3e11d472383e.mp4,egoargus/review-20260526/videos/egoargus_3e11d472383e.mp4,,,worker_signed_pending,d1dd24489cd92f5ffe1d06bdce63d7a12c30a0b8b1c0f2424f84aa2ca31dd292,10169729
egoargus_807de1cbea6c,contradictory|multimodal_grounded|video_grounded_offtopic|video_grounded_ontopic,round1,egoargus_807de1cbea6c.mp4,egoargus/review-20260526/videos/egoargus_807de1cbea6c.mp4,,,worker_signed_pending,94288e0bd445acababf6ebdfd1674779ddb64880b0f492d130ece37bec465071,10195455
egoargus_9e6338113e61,no_assistance_scene_related|no_assistance_scene_unrelated,round1,egoargus_9e6338113e61.mp4,egoargus/review-20260526/videos/egoargus_9e6338113e61.mp4,,,worker_signed_pending,852f1b171300104adac2cd5d9b2e41b0c80331e1501bc77cdcf0f429981f099e,10973870
egoargus_36f13c5dbc0a,no_assistance,sora2_with_dialog_union,egoargus_36f13c5dbc0a.mp4,egoargus/review-20260526/videos/egoargus_36f13c5dbc0a.mp4,,,worker_signed_pending,bbc37a9774bc2c151860d4d7018f0b35cdf52861c064e80e55a4cb0b7f7d2062,10828732
egoargus_935a846a12a4,no_assistance,sora2_with_dialog_union,egoargus_935a846a12a4.mp4,egoargus/review-20260526/videos/egoargus_935a846a12a4.mp4,,,worker_signed_pending,2053b5991f72d68f618a102caa11cd380f1c3af0c852da2be9c1ac63bebcf97c,10267196
egoargus_d2ca4bb6e49f,no_assistance|text_grounded,sora2_with_dialog_union|text_grounded_backfill_balanced,egoargus_d2ca4bb6e49f.mp4,egoargus/review-20260526/videos/egoargus_d2ca4bb6e49f.mp4,,,worker_signed_pending,5313e716f48d0db4db8717da5f90c8c405a0bcfc1cd45aacde7019a8f45bd15b,8972132
egoargus_7dc62ecaf27e,no_assistance_scene_related|no_assistance_scene_unrelated,round1,egoargus_7dc62ecaf27e.mp4,egoargus/review-20260526/videos/egoargus_7dc62ecaf27e.mp4,,,worker_signed_pending,d618e0ff63d7ce42b3f2e4ac17b7917464e4af5ae97a4fb46328c73874c50286,7184892
egoargus_752e2c63c44d,no_assistance,sora2_with_dialog_union,egoargus_752e2c63c44d.mp4,egoargus/review-20260526/videos/egoargus_752e2c63c44d.mp4,,,worker_signed_pending,ea57629aa9fd51d33ec086e55f86131d31e76ac6e5fbe178ffc8b1cd6bfc22aa,7667288
egoargus_d5c183a3a1f8,contradictory|multimodal_grounded|video_grounded_offtopic|video_grounded_ontopic,round1,egoargus_d5c183a3a1f8.mp4,egoargus/review-20260526/videos/egoargus_d5c183a3a1f8.mp4,,,worker_signed_pending,aeabc9914b935d792fa592e4c15029193d87257f69180638b5d792434c81087e,9009489
egoargus_1d78e537136c,no_assistance,sora2_with_dialog_union,egoargus_1d78e537136c.mp4,egoargus/review-20260526/videos/egoargus_1d78e537136c.mp4,,,worker_signed_pending,a2624b75576ec32690a600e9d569088091226bd1c4410346cd265da9552068f4,12632526
egoargus_6482278e9e88,contradictory|video_grounded_offtopic|video_grounded_ontopic,sora2_with_dialog_union,egoargus_6482278e9e88.mp4,egoargus/review-20260526/videos/egoargus_6482278e9e88.mp4,,,worker_signed_pending,69de84c1030b20f6bba6e6277813e02af28327bd3727a89535834598d4538191,7172959
egoargus_b8fba97f94a4,no_assistance|text_grounded,sora2_with_dialog_union|text_grounded_backfill_balanced,egoargus_b8fba97f94a4.mp4,egoargus/review-20260526/videos/egoargus_b8fba97f94a4.mp4,,,worker_signed_pending,116078922522c82f726c3077bc3ef36ac19e736a9decb2e4f50a74d1380c2ada,11237328
egoargus_03ad07673972,no_assistance_scene_related|no_assistance_scene_unrelated,round1,egoargus_03ad07673972.mp4,egoargus/review-20260526/videos/egoargus_03ad07673972.mp4,,,worker_signed_pending,df92b674a1db482f00762bc8ea890935278389da8c3d305b935a1b015d5f5551,8986021
egoargus_4add40df28cf,contradictory|multimodal_grounded|text_grounded|video_grounded_offtopic|video_grounded_ontopic,sora2_with_dialog_union,egoargus_4add40df28cf.mp4,egoargus/review-20260526/videos/egoargus_4add40df28cf.mp4,,,worker_signed_pending,60ae3e7abc7e8f3d375133fb7d6184bb7e2fb052c91275a36b10cfea99676c64,12778991
egoargus_3081be87393c,no_assistance,sora2_with_dialog_union,egoargus_3081be87393c.mp4,egoargus/review-20260526/videos/egoargus_3081be87393c.mp4,,,worker_signed_pending,e874efde5edcc623be50bce136d725d0a5be3a4cae235458490b6876aa3852bc,10271489
egoargus_069c5db28e2b,no_assistance,sora2_with_dialog_union,egoargus_069c5db28e2b.mp4,egoargus/review-20260526/videos/egoargus_069c5db28e2b.mp4,,,worker_signed_pending,cb4fd4ffa52a373ed134669685cb32a65bd14ed1e88450c600f9d63c4d6d99fa,11171573
egoargus_51c841b857f5,contradictory|multimodal_grounded|video_grounded_offtopic|video_grounded_ontopic,round1,egoargus_51c841b857f5.mp4,egoargus/review-20260526/videos/egoargus_51c841b857f5.mp4,,,worker_signed_pending,68e19c4125bc255b29fc744a832f49417c6cbb99ac806b1adb462f22ba1d9ac9,7364288
egoargus_fa8041707176,multimodal_grounded|video_grounded_offtopic,round1,egoargus_fa8041707176.mp4,egoargus/review-20260526/videos/egoargus_fa8041707176.mp4,,,worker_signed_pending,a9e45200816d82ddb007186de923275256b65d6a9ded918cbab0683093fafd91,17779524
egoargus_ce179369d733,no_assistance,sora2_with_dialog_union,egoargus_ce179369d733.mp4,egoargus/review-20260526/videos/egoargus_ce179369d733.mp4,,,worker_signed_pending,ec0743ea4f1a8f1e4f3a48f6ef6f57cb978f020c5eb63cd4324fc491c629a6c0,8043589
egoargus_a4cb019c6488,no_assistance,sora2_with_dialog_union,egoargus_a4cb019c6488.mp4,egoargus/review-20260526/videos/egoargus_a4cb019c6488.mp4,,,worker_signed_pending,61fbdc95d7b6e94b4ebcab6b8d57c67253b4fc5c6a410c128e225915c731380e,12151581
egoargus_2d3b47cb564a,no_assistance|text_grounded,sora2_with_dialog_union|text_grounded_backfill_balanced,egoargus_2d3b47cb564a.mp4,egoargus/review-20260526/videos/egoargus_2d3b47cb564a.mp4,,,worker_signed_pending,694e480e9218a9622bdd6d2f003240cba4b0fa25ee5bb2e7e3990bb9c82af03d,9297526
egoargus_86ef2a51bc0b,no_assistance|text_grounded,sora2_with_dialog_union|text_grounded_backfill_balanced,egoargus_86ef2a51bc0b.mp4,egoargus/review-20260526/videos/egoargus_86ef2a51bc0b.mp4,,,worker_signed_pending,3ccf9c8a4b88377e54fbfd04bbabfe18fb3dda9c11610450e6347585635cc522,11034959
egoargus_bee774e34e34,multimodal_grounded|video_grounded_offtopic|video_grounded_ontopic,round1,egoargus_bee774e34e34.mp4,egoargus/review-20260526/videos/egoargus_bee774e34e34.mp4,,,worker_signed_pending,ba5c3bd9d15e24dd386d7cf6f4aca8081b25c1d94e68ee0c71ad3b886630c217,7302743
egoargus_3e0919c85019,contradictory|multimodal_grounded|video_grounded_offtopic|video_grounded_ontopic,round1,egoargus_3e0919c85019.mp4,egoargus/review-20260526/videos/egoargus_3e0919c85019.mp4,,,worker_signed_pending,0f0f31cb33338aebc9652dc134897efac4407e7a09290db7a58b165b74362576,8470810
egoargus_a832113c5a88,contradictory|multimodal_grounded|text_grounded|video_grounded_offtopic|video_grounded_ontopic,sora2_with_dialog_union,egoargus_a832113c5a88.mp4,egoargus/review-20260526/videos/egoargus_a832113c5a88.mp4,,,worker_signed_pending,80e44b211f02d63bd93f3cc212d97abb1d685e1cb8c629a4b01f5b7a5d4a0ec3,8990366
egoargus_517a03fb81f4,no_assistance_scene_related|no_assistance_scene_unrelated,round1,egoargus_517a03fb81f4.mp4,egoargus/review-20260526/videos/egoargus_517a03fb81f4.mp4,,,worker_signed_pending,b6d057e56eb7a9e7cbec67f5b83997130e142595c7ea39b68a8bd608ec4baa9f,8176308
egoargus_e29129c87d8a,contradictory|multimodal_grounded|video_grounded_offtopic|video_grounded_ontopic,round1,egoargus_e29129c87d8a.mp4,egoargus/review-20260526/videos/egoargus_e29129c87d8a.mp4,,,worker_signed_pending,ae0352abc2cfd40312bd2f9f5467060c1a997abc6edbbb40f3458b6a1ea3f6e1,7628444
egoargus_f88bcb588178,no_assistance,sora2_with_dialog_union,egoargus_f88bcb588178.mp4,egoargus/review-20260526/videos/egoargus_f88bcb588178.mp4,,,worker_signed_pending,c7c22d57386c716e48b412daf14ea22ee449233ee7419870e564d434673d32b3,10027963
egoargus_6042aa504d55,no_assistance_scene_related|no_assistance_scene_unrelated,round1,egoargus_6042aa504d55.mp4,egoargus/review-20260526/videos/egoargus_6042aa504d55.mp4,,,worker_signed_pending,1f833c8e79cd2cefed5dfe918e17b46e5d8ecf1fca31cb75b2501a7ace63a637,7848574
egoargus_8d4f2c51546b,no_assistance|text_grounded,sora2_with_dialog_union|text_grounded_backfill_balanced,egoargus_8d4f2c51546b.mp4,egoargus/review-20260526/videos/egoargus_8d4f2c51546b.mp4,,,worker_signed_pending,04b0ca3a94e8fc7d354835b88fc3bef19087ae688bef5e73413c564454d1f39f,8157805
egoargus_3c3c9bfaa151,no_assistance_scene_related|no_assistance_scene_unrelated,round1,egoargus_3c3c9bfaa151.mp4,egoargus/review-20260526/videos/egoargus_3c3c9bfaa151.mp4,,,worker_signed_pending,2353fbf9089f8158005326310895d6fb6acfc9f03cbfc96c8b2584c09350f09f,10342566
egoargus_a3f37f3ba82f,contradictory|multimodal_grounded|text_grounded|video_grounded_offtopic|video_grounded_ontopic,sora2_with_dialog_union,egoargus_a3f37f3ba82f.mp4,egoargus/review-20260526/videos/egoargus_a3f37f3ba82f.mp4,,,worker_signed_pending,59917b48fe1266d824dd1809b306c53ee598fc5c50998fd38af2087212b394fd,9327559
egoargus_c5c28292dd95,contradictory|multimodal_grounded|video_grounded_offtopic|video_grounded_ontopic,round1,egoargus_c5c28292dd95.mp4,egoargus/review-20260526/videos/egoargus_c5c28292dd95.mp4,,,worker_signed_pending,032e0bfa4d658fd35f811e26b2699aae916dbadc5d79d50d760fbb045e69956e,12853140
egoargus_44444018823d,no_assistance,sora2_with_dialog_union,egoargus_44444018823d.mp4,egoargus/review-20260526/videos/egoargus_44444018823d.mp4,,,worker_signed_pending,e151891a34f9e589601a3509a1ae69c6c6db7838319523e1a8056af30ef251f5,11389379
egoargus_0a8629b516f6,no_assistance,sora2_with_dialog_union,egoargus_0a8629b516f6.mp4,egoargus/review-20260526/videos/egoargus_0a8629b516f6.mp4,,,worker_signed_pending,db8b8481c38541e9c520e50dbb3cad123871099541c8ba506bace58dfdb7d9af,9984778
egoargus_e36e7a183370,contradictory|multimodal_grounded|text_grounded|video_grounded_offtopic|video_grounded_ontopic,sora2_with_dialog_union,egoargus_e36e7a183370.mp4,egoargus/review-20260526/videos/egoargus_e36e7a183370.mp4,,,worker_signed_pending,86b818fb3b839c7341a75004fa778e5fbeab2f1dc97dc7857703cdedd8d9c51f,9873064
